match_no,date,round,player_a,odds_player_a,player_b,odds_player_b,pred_winner,correct_prediction,correct_prediction_book,confidence,prob_player_a_win,prob_player_b_win,surface,tourney_level,best_of,book_fair_prob_a,book_fair_prob_b,p_elo_a,p_temp_a,delta_elo,delta_surface_elo,delta_peak_elo,delta_current_elo,delta_wr_Clay,delta_wr_Grass,delta_wr_Hard,delta_win_rate,delta_avg_rest_days,delta_matches_28d,delta_rolling_10_winrate,delta_rolling_5_winrate,delta_streak,delta_h2h_wr_prior,delta_rank,source_file
1,2026-01-18,R128,Carlos Alcaraz,-6300,Adam Walton,2700,Carlos Alcaraz,,,0.7449857822735061,0.7449857822735061,0.2550142177264939,Hard,G,5,0.9649890590809628,0.0350109409190371,0.9654871382684485,0.7827338643091166,578.7062084649972,422.39032377268927,537.483323453336,578.7062084649972,0.3398470688190315,0.319047619047619,0.4257028112449799,0.4598870056497176,-14.201754385964913,4.0,0.8,0.6,19.0,0.0,0.0,ao2026_R128_predictions_cck.csv
2,2026-01-18,R128,Yannick Hanfmann,105,Zachary Svajda,-134,Yannick Hanfmann,,,0.5265229802276049,0.5265229802276049,0.4734770197723951,Hard,G,5,0.4599960684096717,0.5400039315903282,0.6921024473103394,0.5674792521672345,140.70565919413343,44.55569671909507,100.52521790283572,140.70565919413343,0.0443037974683544,-0.0145454545454544,0.0416666666666666,0.1169837914023961,-14.223602484472051,1.0,0.2999999999999999,0.4,4.0,0.0,0.0,ao2026_R128_predictions_cck.csv
3,2026-01-18,R128,Michael Zheng,225,Sebastian Korda,-294,Sebastian Korda,,,0.5715016212227331,0.4284983787772669,0.5715016212227331,Hard,G,5,0.2919599851796962,0.7080400148203038,0.2508865145110635,0.3167497686290524,190.02811890134265,173.37292130871992,289.88962550239603,190.02811890134265,0.0208333333333333,0.0999999999999999,0.1266666666666667,0.1103286384976526,-13.10344827586207,3.0,0.0,-0.0999999999999999,-1.0,0.0,0.0,ao2026_R128_predictions_cck.csv
4,2026-01-18,R128,Tristan Schoolkate,235,Corentin Moutet,-308,Corentin Moutet,,,0.5634069967423294,0.4365930032576705,0.5634069967423294,Hard,G,5,0.2833726906514793,0.7166273093485206,0.4102382862583325,0.445234533978675,63.05615450034316,-15.895152748561712,76.45821423594771,63.05615450034316,-0.0510204081632653,0.006993006993007,0.0294117647058823,0.0501355013550134,-19.557522123893804,0.0,0.15,-0.2,0.0,0.0,0.0,ao2026_R128_predictions_cck.csv
5,2026-01-18,R128,Tommy Paul,-561,Aleksandar Kovacevic,406,Tommy Paul,,,0.6318840613458405,0.6318840613458405,0.3681159386541595,Hard,G,5,0.8111245092380402,0.1888754907619597,0.8496909057117614,0.825838244856719,300.9102848413213,215.3760329936053,252.5883986260349,300.9102848413213,0.1572327044025157,0.2007978723404255,0.2261819909717272,0.2545627376425855,-9.760237154150197,4.0,0.4,0.3999999999999999,2.0,0.0,0.0,ao2026_R128_predictions_cck.csv
6,2026-01-18,R128,Thiago Agustin Tirante,210,Aleksandar Vukic,-274,Aleksandar Vukic,,,0.5534776571809682,0.4465223428190318,0.5534776571809682,Hard,G,5,0.3057054111492561,0.6942945888507439,0.4203733703917022,0.440428895790309,55.80525326563952,6.562440638326962,53.7876746727527,55.80525326563952,-0.0909090909090908,0.0333333333333333,-0.0128205128205128,-0.0269360269360269,-12.78117647058824,2.0,0.0,0.0,1.0,0.0,0.0,ao2026_R128_predictions_cck.csv
7,2026-01-18,R128,Nicolai Budkov Kjaer,149,Reilly Opelka,-191,Reilly Opelka,,,0.5348730587103251,0.4651269412896749,0.5348730587103251,Hard,G,5,0.3796031777090752,0.6203968222909247,0.4258502915704687,0.4776973030518068,51.90727987178912,24.327120205746496,157.91786760925925,51.90727987178912,0.1317204301075268,-0.0454545454545455,-0.0770042194092827,0.0089285714285713,-29.372549019607845,4.0,-0.0999999999999999,-0.0999999999999999,-4.0,0.0,0.0,ao2026_R128_predictions_cck.csv
8,2026-01-18,R128,Filip Misolic,930,Alejandro Davidovich Fokina,-1480,Alejandro Davidovich Fokina,,,0.6079972146343312,0.3920027853656688,0.6079972146343312,Hard,G,5,0.0939134569662386,0.9060865430337612,0.3199233186464294,0.4391681851158764,131.00479508101307,66.48475635746263,106.00312613801748,131.00479508101307,0.0183333333333334,0.0097402597402598,0.0529100529100529,0.0218285352736475,-15.855516194331983,2.0,0.3,0.2,2.0,0.0,0.0,ao2026_R128_predictions_cck.csv
9,2026-01-18,R128,Alexander Bublik,-422,Jenson Brooksby,310,Alexander Bublik,,,0.5472233183586221,0.5472233183586221,0.4527766816413778,Hard,G,5,0.7682266228576504,0.2317733771423497,0.535716365084146,0.4685059705205719,24.860615003854942,-60.883276129236265,28.44754539733504,24.860615003854942,-0.0079185520361991,0.0765151515151515,-0.1005128205128205,-0.0689300411522634,-1.5023954486475688,0.0,-0.1999999999999999,0.0,-1.0,0.0,0.0,ao2026_R128_predictions_cck.csv
10,2026-01-18,R128,Camilo Ugo Carabelli,328,Marton Fucsovics,-442,Marton Fucsovics,,,0.5781188250323078,0.4218811749676922,0.5781188250323078,Hard,G,5,0.2227006771415423,0.7772993228584577,0.3603090464240172,0.4306347525706069,99.7180171043624,25.78018117751025,126.27272001457368,99.7180171043624,0.060790273556231,0.1042780748663102,0.127536231884058,0.1496212121212121,-18.508504606661944,1.0,0.3,0.4,6.0,0.0,0.0,ao2026_R128_predictions_cck.csv
11,2026-01-18,R128,Miomir Kecmanovic,101,Tomas Martin Etcheverry,-128,Tomas Martin Etcheverry,,,0.5077728924338858,0.4922271075661142,0.5077728924338858,Hard,G,5,0.4698318496538081,0.5301681503461919,0.4639039537860219,0.5304972138944701,25.12581211562292,17.829255624186544,-1.4297225821551365,25.12581211562292,0.0355020080321284,-0.0887218045112781,-0.0492957746478872,-0.0078600405679513,1.3754803754803762,2.0,0.1,0.2,3.0,0.0,0.0,ao2026_R128_predictions_cck.csv
12,2026-01-18,R128,Arthur Fery,176,Flavio Cobolli,-227,Flavio Cobolli,,,0.56709103451918,0.4329089654808201,0.56709103451918,Hard,G,5,0.3429398439466398,0.6570601560533602,0.2679794941166738,0.4539026905734777,174.56867362424123,96.5679776478762,193.6131116509676,174.56867362424123,0.0,0.1168831168831169,0.0396825396825396,0.1054091539528433,-28.21505376344086,2.0,0.25,0.35,0.0,0.0,0.0,ao2026_R128_predictions_cck.csv
13,2026-01-18,R128,Frances Tiafoe,-346,Jason Kubler,262,Frances Tiafoe,,,0.6365227364580142,0.6365227364580142,0.3634772635419858,Hard,G,5,0.7374184584226268,0.2625815415773733,0.7107086528015071,0.7500157115188545,156.14246360603192,142.91779846837449,167.90013688264867,156.14246360603192,0.037037037037037,0.0295454545454545,0.1362876254180602,0.0970837947582134,-5.184114424832623,0.0,0.3999999999999999,0.2,0.0,0.0,0.0,ao2026_R128_predictions_cck.csv
14,2026-01-18,R128,Patrick Kypson,132,Francisco Comesana,-169,Francisco Comesana,,,0.5210326335170559,0.4789673664829441,0.5210326335170559,Hard,G,5,0.4069099050039329,0.593090094996067,0.4803105872993542,0.4997965294362156,13.688683832441711,10.848662005094184,20.719799279964946,13.688683832441711,-0.0595238095238095,0.0,0.0,-0.0158730158730159,-4.986111111111111,2.0,0.125,0.1999999999999999,1.0,0.0,0.0,ao2026_R128_predictions_cck.csv
15,2026-01-18,R128,Mariano Navone,203,Hamad Medjedovic,-265,Hamad Medjedovic,,,0.5646341366118847,0.4353658633881153,0.5646341366118847,Hard,G,5,0.3125133781411875,0.6874866218588125,0.4094805737741165,0.3085355165527502,63.60035437741863,106.35436327102434,-5.988339005383295,63.60035437741863,-0.1269841269841271,0.0285714285714284,0.2604166666666667,0.0636363636363637,10.824242424242422,0.0,0.3,0.0,-1.0,0.0,0.0,ao2026_R128_predictions_cck.csv
16,2026-01-18,R128,Mackenzie McDonald,910,Alex De Minaur,-1440,Alex De Minaur,,,0.6658034718019383,0.3341965281980616,0.6658034718019383,Hard,G,5,0.0957473265356876,0.9042526734643124,0.1551152318312724,0.2437249121833611,294.45721372967887,218.54023616488712,348.17774216873704,294.45721372967887,0.059322033898305,0.2181818181818182,0.2108843537414965,0.2451424008517434,-22.27598566308244,3.0,0.6,0.6,2.0,0.0,0.0,ao2026_R128_predictions_cck.csv
17,2026-01-18,R128,Alexander Zverev,-660,Gabriel Diallo,470,Alexander Zverev,1.0,1.0,0.664196624972505,0.664196624972505,0.335803375027495,Hard,G,5,0.8319327731092439,0.1680672268907563,0.8560837858956434,0.824000094371641,309.7626183295097,286.8405718514168,333.49808858445954,309.7626183295097,0.29073756432247,0.1964285714285715,0.2443877551020408,0.2880396319886765,-16.046334586466166,1.0,0.2999999999999999,0.1999999999999999,1.0,0.0,0.0,ao2026_R128_predictions_cck.csv
18,2026-01-18,R128,Alexei Popyrin,-199,Alexandre Muller,155,Alexei Popyrin,,,0.5875296760574665,0.5875296760574665,0.4124703239425334,Hard,G,5,0.629239258478517,0.3707607415214831,0.6860713977467988,0.7314897448949836,135.81537105282973,152.62491154832037,140.97861922812558,135.81537105282973,0.0040816326530612,-0.1095238095238095,0.12,0.064010989010989,-4.481063122923587,4.0,0.2,0.0,0.0,0.0,0.0,ao2026_R128_predictions_cck.csv
19,2026-01-18,R128,Emilio Nava,-164,Kyrian Jacquet,129,Emilio Nava,,,0.5032845209342774,0.5032845209342774,0.4967154790657225,Hard,G,5,0.5872162111451623,0.4127837888548377,0.4074037316845967,0.4641509518010983,-65.09356385810725,-49.28711511419283,-10.590552030839262,-65.09356385810725,-0.0454545454545455,-0.0454545454545455,-0.1442006269592475,-0.1642228739002931,0.523809523809529,3.0,-0.3,-0.3,-2.0,0.0,0.0,ao2026_R128_predictions_cck.csv
20,2026-01-18,R128,Benjamin Bonzi,240,Cameron Norrie,-315,Cameron Norrie,,,0.5854362757963822,0.4145637242036177,0.5854362757963822,Hard,G,5,0.2792732166890982,0.7207267833109018,0.3905960161000399,0.3895590546423267,77.27099186796863,41.839373481808025,190.8455296572504,77.27099186796863,0.3033367037411528,0.1018062397372742,0.115722044283526,0.1653929121725731,-6.20719776380154,0.0,-0.0999999999999999,0.0,0.0,0.0,0.0,ao2026_R128_predictions_cck.csv
21,2026-01-18,R128,Francisco Cerundolo,-247,Zhizhen Zhang,191,Francisco Cerundolo,,,0.5601420759368805,0.5601420759368805,0.4398579240631195,Hard,G,5,0.674413804104075,0.325586195895925,0.638133676456578,0.602156164015013,98.54539850912624,66.65297158787439,65.0949714067699,98.54539850912624,0.0273752012882447,0.0032051282051281,0.0370436015597306,0.0495644599303136,-1.54343891402715,1.0,0.2,0.4,5.0,0.0,0.0,ao2026_R128_predictions_cck.csv
22,2026-01-18,R128,Liam Draxl,113,Damir Dzumhur,-143,Liam Draxl,,,0.5040160947689344,0.5040160947689344,0.4959839052310656,Hard,G,5,0.4437626691502767,0.5562373308497234,0.6271963411573256,0.6268723118954498,90.3693400487316,64.85761049929124,-6.442594484271922,90.3693400487316,0.0,0.0454545454545455,0.1774193548387097,0.1363636363636364,-7.0882352941176485,-1.0,0.3,0.5,7.0,0.0,0.0,ao2026_R128_predictions_cck.csv
23,2026-01-18,R128,Alexander Blockx,-189,Jaime Faria,147,Alexander Blockx,,,0.5177978230596906,0.5177978230596906,0.4822021769403094,Hard,G,5,0.6176388870513211,0.3823611129486789,0.519937441816278,0.4044417956643886,13.861303180057348,-11.521840293149353,1.4075956542010315,13.861303180057348,0.0833333333333333,0.0,-0.0274725274725274,0.0238095238095237,3.25,0.0,0.0,0.0,1.0,0.0,0.0,ao2026_R128_predictions_cck.csv
24,2026-01-18,R128,Matteo Arnaldi,289,Andrey Rublev,-385,Andrey Rublev,,,0.6124483755221186,0.3875516244778814,0.6124483755221186,Hard,G,5,0.2446220966887751,0.7553779033112249,0.3204739164240019,0.3438052359578279,130.56537758890454,120.0761312471834,176.30449543027612,130.56537758890454,0.1474692202462381,0.2388888888888888,0.1534357105674129,0.1694651203046564,-4.19785094637224,1.0,0.3,0.3999999999999999,0.0,0.0,0.0,ao2026_R128_predictions_cck.csv
25,2026-01-18,R128,Daniil Medvedev,-1480,Jesper De Jong,930,Daniil Medvedev,,,0.6453880145507892,0.6453880145507892,0.3546119854492108,Hard,G,5,0.9060865430337612,0.0939134569662386,0.8194867453501113,0.8039093706120423,262.8131347756166,262.1459004978424,428.5147447054524,262.8131347756166,0.2252747252747253,0.2259615384615385,0.3793859649122807,0.3948449228154653,-34.84459984459985,2.0,0.0,0.2,1.0,0.0,0.0,ao2026_R128_predictions_cck.csv
26,2026-01-18,R128,Quentin Halys,-126,Alejandro Tabilo,-101,Alejandro Tabilo,,,0.5065732320341311,0.4934267679658689,0.5065732320341311,Hard,G,5,0.5259594617046021,0.4740405382953979,0.4285901092090011,0.4624007355278632,49.9622436490788,54.833756930039726,110.2012039796018,49.9622436490788,-0.0046296296296295,0.0416666666666666,0.1018735362997658,0.0895675343308055,-5.067533129459735,0.0,0.1,-0.2,0.0,0.0,0.0,ao2026_R128_predictions_cck.csv
27,2026-01-18,R128,Kamil Majchrzak,-196,Jacob Fearnley,153,Kamil Majchrzak,,,0.5355894730490965,0.5355894730490965,0.4644105269509034,Hard,G,5,0.6262059908066878,0.373794009193312,0.6220859348384723,0.474693898277307,86.58293058279264,31.11700543570396,89.64474241368112,86.58293058279264,-0.0499999999999999,0.1008403361344538,0.0434782608695651,0.0793650793650794,-11.245283018867925,1.0,0.2249999999999999,0.1999999999999999,0.0,0.0,0.0,ao2026_R128_predictions_cck.csv
28,2026-01-18,R128,Fabian Marozsan,-120,Arthur Rinderknech,-105,Arthur Rinderknech,,,0.539616835958902,0.460383164041098,0.539616835958902,Hard,G,5,0.5157232704402516,0.4842767295597484,0.3211169674155334,0.4164881327967989,130.05268027352895,17.79513855037294,75.68628900357135,130.05268027352895,-0.0027586206896552,0.0486111111111111,0.0043478260869564,0.0133482336872167,-1.5758113402823977,2.0,0.1999999999999999,0.1999999999999999,0.0,0.0,0.0,ao2026_R128_predictions_cck.csv
29,2026-01-18,R128,Learner Tien,-193,Marcos Giron,151,Learner Tien,,,0.5318422858307211,0.5318422858307211,0.4681577141692788,Hard,G,5,0.623117193830956,0.3768828061690442,0.6121905255571335,0.4632704941039641,79.30727562714219,25.294459818163887,31.36534353262323,79.30727562714219,0.0918367346938776,-0.0238095238095238,0.0492356115107914,0.0579831932773109,7.718333333333334,3.0,0.1999999999999999,0.4,1.0,0.0,0.0,ao2026_R128_predictions_cck.csv
30,2026-01-18,R128,Elias Ymer,164,Alexander Shevchenko,-211,Alexander Shevchenko,,,0.534252286038041,0.465747713961959,0.534252286038041,Hard,G,5,0.3582784203492926,0.6417215796507073,0.4664504853163269,0.4778584900487213,23.347671974330524,-1.216129952738811,34.49931365225939,23.347671974330524,0.0473684210526315,-0.0166666666666666,-0.0286576168929109,-0.0024009603841536,-9.168495297805643,0.0,0.0,-0.2,-3.0,0.0,0.0,ao2026_R128_predictions_cck.csv
31,2026-01-18,R128,Juan Manuel Cerundolo,184,Jordan Thompson,-237,Jordan Thompson,,,0.5765310189374128,0.4234689810625872,0.5765310189374128,Hard,G,5,0.3336369396483447,0.6663630603516553,0.2425999828421988,0.4272329128932614,197.77381792315785,100.39229434114895,120.4658056968583,197.77381792315785,-0.1078431372549019,0.130360205831904,0.0545905707196029,0.0652631578947368,-7.708333333333332,0.0,0.0999999999999999,0.0,-3.0,0.0,0.0,ao2026_R128_predictions_cck.csv
32,2026-01-18,R128,Nuno Borges,247,Felix Auger Aliassime,-325,Felix Auger Aliassime,,,0.6347484689756279,0.3652515310243721,0.6347484689756279,Hard,G,5,0.2737079375301884,0.7262920624698116,0.2401758076724207,0.271328810186839,200.0735429062049,149.39917282005945,193.71275080709304,200.0735429062049,0.0530222693531282,0.1871345029239766,0.1785262492093612,0.1625324586579198,-5.553874423332551,7.0,0.3,0.4,0.0,0.0,0.0,ao2026_R128_predictions_cck.csv
33,2026-01-18,R128,Lorenzo Musetti,-390,Raphael Collignon,292,Lorenzo Musetti,,,0.6332944373752298,0.6332944373752298,0.3667055626247701,Hard,G,5,0.7572815533980582,0.2427184466019417,0.7691298884296179,0.694284470917898,209.05279022776176,79.88115986224034,261.07665052304424,209.05279022776176,0.1020408163265306,0.1351981351981352,0.0484154929577465,0.1326368385191915,-20.157200229489384,2.0,0.3142857142857143,0.1999999999999999,0.0,0.0,0.0,ao2026_R128_predictions_cck.csv
34,2026-01-18,R128,Lorenzo Sonego,-1100,Carlos Taberner,730,Lorenzo Sonego,,,0.6068012037357304,0.6068012037357304,0.3931987962642695,Hard,G,5,0.8838334946757018,0.1161665053242981,0.6924206176667164,0.581694478595107,140.96510822928894,21.632303063649488,115.49271005606442,140.96510822928894,0.1199494949494949,0.0909090909090909,0.0165484633569739,0.108499095840868,-12.34567731277533,0.0,0.4,0.2,5.0,0.0,0.0,ao2026_R128_predictions_cck.csv
35,2026-01-18,R128,Grigor Dimitrov,106,Tomas Machac,-135,Grigor Dimitrov,,,0.5938879397075105,0.5938879397075105,0.4061120602924895,Hard,G,5,0.4580003897875657,0.5419996102124343,0.7283252314742982,0.7202612763914165,171.31041993526674,137.68697929991936,156.50218608293653,171.31041993526674,0.0234972677595628,0.15625,0.0986347599325049,0.0922733077905491,-5.32680639823497,0.0,0.1999999999999999,0.0,1.0,0.0,0.0,ao2026_R128_predictions_cck.csv
36,2026-01-18,R128,Shintaro Mochizuki,486,Stefanos Tsitsipas,-690,Stefanos Tsitsipas,,,0.6615152374466735,0.3384847625533265,0.6615152374466735,Hard,G,5,0.1634460214341871,0.8365539785658128,0.1654607626254449,0.1820015691260923,281.1006955736277,213.40321934657027,344.319156146498,281.1006955736277,0.3160967472894079,0.1428571428571428,0.3659274193548387,0.422767704413274,-23.5,2.0,0.3,0.0,1.0,0.0,0.0,ao2026_R128_predictions_cck.csv
37,2026-01-18,R128,Jiri Lehecka,-306,Arthur Gea,233,Jiri Lehecka,,,0.5703761658363142,0.5703761658363142,0.4296238341636857,Hard,G,5,0.7150837204732697,0.2849162795267302,0.7279951811805017,0.7198961251485725,171.02076262465405,144.5560654260844,220.4725481477908,171.02076262465405,0.0121951219512195,0.0,0.0691056910569105,0.0542168674698795,-12.48076923076923,8.0,0.1999999999999999,0.3,-1.0,0.0,0.0,ao2026_R128_predictions_cck.csv
38,2026-01-18,R128,Laslo Djere,-106,Stan Wawrinka,-119,Stan Wawrinka,,,0.5119891228791049,0.4880108771208951,0.5119891228791049,Hard,G,5,0.4863811599061347,0.5136188400938653,0.4809917415308831,0.417831013599555,13.214659464050555,-11.289594901718148,-7.1442134111021005,13.214659464050555,-0.0815370196813496,0.0925925925925926,-0.002079002079002,-0.0302829354553492,1.9434982151963285,6.0,0.0,-0.1999999999999999,0.0,0.0,0.0,ao2026_R128_predictions_cck.csv
39,2026-01-18,R128,Vit Kopriva,157,Jan-Lennard Struff,-207,Jan-Lennard Struff,,,0.5516785571151929,0.4483214428848071,0.5516785571151929,Hard,G,5,0.3659161610984636,0.6340838389015363,0.3231382344307701,0.4571955592167285,128.44465388369804,48.07386963548424,31.58324335081716,128.44465388369804,0.0714285714285715,0.1217948717948717,0.1596638655462184,0.2215686274509805,-14.95,3.0,0.6142857142857143,0.6,7.0,0.0,0.0,ao2026_R128_predictions_cck.csv
40,2026-01-18,R128,Valentin Royer,569,Taylor Fritz,-820,Taylor Fritz,,,0.6828235519857425,0.3171764480142575,0.6828235519857425,Hard,G,5,0.1436198445159074,0.8563801554840925,0.1558763925023742,0.2244992627874159,293.4502800313608,273.9049320751792,346.4421505613511,293.4502800313608,0.106060606060606,0.173469387755102,0.2221824686940965,0.2107526881720429,-12.576666666666668,3.0,0.4,0.4,0.0,0.0,0.0,ao2026_R128_predictions_cck.csv
41,2026-01-18,R128,Jakub Mensik,-397,Pablo Carreno Busta,297,Jakub Mensik,,,0.5506487599727922,0.5506487599727922,0.4493512400272078,Hard,G,5,0.760261252526422,0.2397387474735781,0.4963223025874859,0.4943401950412318,-2.5555719954916185,-5.51443131414635,-29.64665222281019,-2.5555719954916185,-0.0726415094339621,0.0236842105263156,-0.0089355089355089,-0.0287249814677538,2.376125606095589,1.0,0.0999999999999999,0.3999999999999999,0.0,0.0,0.0,ao2026_R128_predictions_cck.csv
42,2026-01-18,R128,Rei Sakamoto,176,Rafael Jodar,-227,Rafael Jodar,,,0.5329478844769338,0.4670521155230663,0.5329478844769338,Hard,G,5,0.3429398439466398,0.6570601560533602,0.4872012227811524,0.4867204847113206,8.895444521850322,0.0,8.895444521850322,8.895444521850322,0.0,0.0,0.0,0.0,0.0,0.0,0.0,0.0,0.0,0.0,0.0,ao2026_R128_predictions_cck.csv
43,2026-01-18,R128,Hubert Hurkacz,-251,Zizou Bergs,193,Hubert Hurkacz,,,0.578637215036456,0.578637215036456,0.4213627849635439,Hard,G,5,0.676923501744245,0.3230764982557551,0.7047604026071401,0.7197796044088265,151.1467562258856,180.9767595187148,203.9402398351829,151.1467562258856,0.184065934065934,0.2341463414634146,0.2224257224257225,0.2486486486486486,-11.143342601173927,-3.0,0.0,-0.1999999999999999,-1.0,0.0,0.0,ao2026_R128_predictions_cck.csv
44,2026-01-18,R128,Ethan Quinn,127,Tallon Griekspoor,-162,Tallon Griekspoor,,,0.5524109816066549,0.4475890183933451,0.5524109816066549,Hard,G,5,0.4160447168672785,0.5839552831327215,0.2826827340975008,0.3877429050375209,161.76480053254932,109.44793071492109,173.53403924614258,161.76480053254932,-0.0399999999999999,0.0675675675675675,0.1842105263157895,0.1425906735751295,-16.268852459016394,-1.0,-0.0999999999999999,-0.2,-5.0,0.0,0.0,ao2026_R128_predictions_cck.csv
45,2026-01-18,R128,Brandon Nakashima,-293,Botic Van De Zandschulp,224,Brandon Nakashima,,,0.5693336845215347,0.5693336845215347,0.4306663154784653,Hard,G,5,0.7072233148578579,0.2927766851421419,0.6344437386603737,0.6383032107143328,95.77555546743248,85.72319914546688,162.52011780656903,95.77555546743248,-0.0151515151515151,0.0384615384615384,0.0986460348162476,0.0825029892387406,-20.55191256830601,2.0,0.1666666666666666,0.2666666666666666,1.0,0.0,0.0,ao2026_R128_predictions_cck.csv
46,2026-01-18,R128,Juncheng Shang,-330,Roberto Bautista Agut,250,Juncheng Shang,,,0.5346434610893778,0.5346434610893778,0.4653565389106222,Hard,G,5,0.7287066246056784,0.2712933753943218,0.4178636808081377,0.4853940526031229,-57.59602802304539,-49.77760635035406,-41.64467598049532,-57.59602802304539,-0.134090909090909,-0.0619047619047619,-0.0712547792839764,-0.0919424096994189,6.380821078431373,-2.0,-0.4,-0.2,-7.0,0.0,0.0,ao2026_R128_predictions_cck.csv
47,2026-01-18,R128,Terence Atmane,-206,Francesco Maestrelli,161,Terence Atmane,,,0.5336347462248465,0.5336347462248465,0.4663652537751535,Hard,G,5,0.6372946447621081,0.362705355237892,0.5471610294063937,0.5060763969842085,32.86854538817238,23.492287075725244,60.07439464685217,32.86854538817238,0.0,0.0,-0.01010101010101,-0.002932551319648,-9.19047619047619,1.0,0.0999999999999999,0.0999999999999999,0.0,0.0,0.0,ao2026_R128_predictions_cck.csv
48,2026-01-18,R128,Pedro Martinez,1560,Novak Djokovic,-2900,Novak Djokovic,,,0.6967101843830666,0.3032898156169333,0.6967101843830666,Hard,G,5,0.0586624951114587,0.9413375048885412,0.048957879997147,0.1804845352646116,515.3508592164585,466.44776028330966,482.227631836352,515.3508592164585,0.2886657101865136,0.4024266936299293,0.4643623872906827,0.4176070428171268,-3.040172593364084,4.0,0.5,0.4,2.0,0.0,0.0,ao2026_R128_predictions_cck.csv
49,2026-01-18,R128,Ben Shelton,-150,Ugo Humbert,118,Ben Shelton,,,0.5262000186408636,0.5262000186408636,0.4737999813591363,Hard,G,5,0.5667244367417678,0.4332755632582322,0.5984532311934837,0.5122440417563768,69.31763225424106,53.05106405883021,29.47258514931832,69.31763225424106,0.1505376344086021,0.0139751552795031,0.0597826086956522,0.0814633832701087,-0.9825227963525832,10.0,0.4,0.3999999999999999,2.0,0.0,0.0,ao2026_R128_predictions_cck.csv
50,2026-01-18,R128,Dane Sweeny,124,Gael Monfils,-158,Gael Monfils,,,0.5542215938376662,0.4457784061623338,0.5542215938376662,Hard,G,5,0.4216237416655772,0.5783762583344229,0.2703204096113838,0.3707671608923792,172.50134483148236,140.81357251233248,176.8378228809081,172.50134483148236,-0.1129032258064516,0.0217391304347825,0.1480855855855856,0.1073275862068965,-17.6,0.0,0.1666666666666666,0.2,0.0,0.0,0.0,ao2026_R128_predictions_cck.csv
51,2026-01-18,R128,Adrian Mannarino,120,Rinky Hijikata,-153,Adrian Mannarino,,,0.5047500923003662,0.5047500923003662,0.4952499076996338,Hard,G,5,0.4291044776119403,0.5708955223880597,0.6088575029808101,0.569015252003304,76.87226332310615,63.78542111506613,156.09023081269515,76.87226332310615,-0.1416666666666667,0.0490196078431373,0.0689839572192514,0.051948051948052,-6.22428581076518,4.0,0.1999999999999999,0.3999999999999999,1.0,0.0,0.0,ao2026_R128_predictions_cck.csv
52,2026-01-18,R128,Martin Damm,162,Valentin Vacherot,-208,Valentin Vacherot,,,0.5439520081051179,0.4560479918948821,0.5439520081051179,Hard,G,5,0.3610954792721816,0.6389045207278184,0.3924554229836866,0.4615793562635692,75.91512563863489,-30.984166876994323,83.08478421611221,75.91512563863489,-0.1111111111111111,0.0,-0.0333333333333333,-0.1333333333333333,12.9,-1.0,-0.3,-0.1999999999999999,-2.0,0.0,0.0,ao2026_R128_predictions_cck.csv
53,2026-01-18,R128,Denis Shapovalov,-202,Yunchaokete Bu,158,Denis Shapovalov,,,0.5446380085629132,0.5446380085629132,0.4553619914370868,Hard,G,5,0.6331211429126781,0.3668788570873221,0.6501148331698139,0.5987480721946408,107.62581755757289,79.87098280590499,158.13699289643137,107.62581755757289,0.0,0.05,0.0434782608695651,0.0388349514563106,-12.69387755102041,3.0,-0.0999999999999999,-0.0999999999999999,-2.0,0.0,0.0,ao2026_R128_predictions_cck.csv
54,2026-01-18,R128,Daniel Altmaier,166,Marin Cilic,-214,Marin Cilic,0.0,0.0,0.5484627528298488,0.4515372471701512,0.5484627528298488,Hard,G,5,0.3555092613559169,0.6444907386440831,0.4035731578150133,0.4059601877784254,67.85396304630376,58.36606515464996,166.8138801374066,67.85396304630376,0.0992063492063493,0.3260188087774295,0.1767676767676768,0.1960877862595419,-3.040397187615641,-3.0,-0.0999999999999999,-0.1999999999999999,-2.0,0.0,0.0,ao2026_R128_predictions_cck.csv
55,2026-01-18,R128,Jaume Munar,-366,Dalibor Svrcina,276,Jaume Munar,,,0.5599292084727908,0.5599292084727908,0.4400707915272092,Hard,G,5,0.747036088070526,0.2529639119294741,0.6143302939129203,0.4623806539898243,80.87456197809979,-67.92460142619052,84.82161459842519,80.87456197809979,-0.010204081632653,-0.0652173913043479,-0.0784313725490196,0.0089670014347201,-22.811688311688314,3.0,0.2142857142857143,0.3999999999999999,1.0,0.0,0.0,ao2026_R128_predictions_cck.csv
56,2026-01-18,R128,Mattia Bellucci,378,Casper Ruud,-517,Casper Ruud,,,0.6141474282596745,0.3858525717403255,0.6141474282596745,Hard,G,5,0.1997888778794531,0.8002111221205469,0.3082267139278005,0.3171034734888162,140.43740433085168,103.37047578024476,332.629052167247,140.43740433085168,0.311877903118779,0.0216450216450216,0.1307784431137725,0.2342440801457195,-11.470787637088735,2.0,0.1999999999999999,0.1999999999999999,0.0,0.0,0.0,ao2026_R128_predictions_cck.csv
57,2026-01-18,R128,Karen Khachanov,-152,Alex Michelsen,119,Karen Khachanov,,,0.5564082119786407,0.5564082119786407,0.4435917880213593,Hard,G,5,0.5691423881821913,0.4308576118178088,0.707772270172927,0.7076124931935419,153.66884765664963,117.57831819185026,152.76903917158688,153.66884765664963,0.1635627530364373,0.0572390572390573,0.0965316144874155,0.1075565361279646,-1.7405987586710463,1.0,0.1999999999999999,0.2,1.0,0.0,0.0,ao2026_R128_predictions_cck.csv
58,2026-01-18,R128,Christopher O'Connell,111,Nishesh Basavareddy,-141,Christopher O'Connell,,,0.5091777711999608,0.5091777711999608,0.4908222288000392,Hard,G,5,0.4475311507678594,0.5524688492321405,0.5240652837724631,0.5987276881981958,16.735202562184668,12.903460602208952,5.509690459560488,16.735202562184668,0.0,0.0,0.0615384615384614,0.0535714285714284,-3.0,1.0,0.0833333333333334,0.0499999999999999,2.0,0.0,0.0,ao2026_R128_predictions_cck.csv
59,2026-01-18,R128,Giovanni Mpetshi Perricard,-148,Sebastian Baez,117,Giovanni Mpetshi Perricard,,,0.5348225129906309,0.5348225129906309,0.4651774870093691,Hard,G,5,0.5642701525054465,0.4357298474945533,0.6084534956005139,0.605341917852704,76.57761576552411,99.46488623963432,-59.90670294206916,76.57761576552411,-0.046547314578005,0.0927318295739348,0.1440746753246753,0.0025906735751295,4.69183203911418,0.0,0.5,0.0,6.0,0.0,0.0,ao2026_R128_predictions_cck.csv
60,2026-01-18,R128,Cristian Garin,160,Luciano Darderi,-206,Luciano Darderi,,,0.5035381083773967,0.4964618916226033,0.5035381083773967,Hard,G,5,0.3635931558935361,0.6364068441064639,0.5523149546664106,0.6027380346113336,-36.48568608940809,-21.406232559747423,-1.976319760924525,-36.48568608940809,0.0630745658835546,-0.0416666666666666,-0.0912124582869854,-0.0101605733466388,-1.0624788922661264,2.0,0.0999999999999999,0.1999999999999999,0.0,0.0,0.0,ao2026_R128_predictions_cck.csv
61,2026-01-18,R128,Joao Fonseca,-239,Eliot Spizzirri,184,Joao Fonseca,,,0.5979324523343926,0.5979324523343926,0.4020675476656073,Hard,G,5,0.6669155793114291,0.333084420688571,0.7197407713989596,0.7245908464954799,163.84647308427157,63.34940653751937,156.63334955077676,163.84647308427157,-0.0238095238095238,0.0384615384615384,0.1748251748251748,0.1300675675675675,-16.129629629629633,2.0,0.3666666666666666,0.0,0.0,0.0,0.0,ao2026_R128_predictions_cck.csv
62,2026-01-18,R128,Luca Nardi,284,Yibing Wu,-378,Yibing Wu,,,0.5774594815865084,0.4225405184134915,0.5774594815865084,Hard,G,5,0.2477300053899415,0.7522699946100584,0.4264168210904845,0.3930852870861473,51.504831352537394,68.59642772598067,90.5449600674931,51.504831352537394,0.0877192982456139,0.0,0.1831896551724138,0.1661616161616161,-9.766386554621851,-2.0,0.0999999999999999,0.0,3.0,0.0,0.0,ao2026_R128_predictions_cck.csv
63,2026-01-18,R128,James Duckworth,109,Dino Prizmic,-139,Dino Prizmic,,,0.5114744244743579,0.4885255755256422,0.5114744244743579,Hard,G,5,0.4513606919604917,0.5486393080395082,0.4627410842709181,0.532053023776866,25.93822856412908,46.83808740736004,-48.568718059513685,25.93822856412908,0.0291666666666666,0.0483870967741936,-0.0720588235294117,-0.0569243840271878,19.709621993127143,-1.0,0.3,0.2,6.0,0.0,0.0,ao2026_R128_predictions_cck.csv
64,2026-01-18,R128,Hugo Gaston,2600,Jannik Sinner,-6100,Jannik Sinner,,,0.707611263524673,0.292388736475327,0.707611263524673,Hard,G,5,0.0362785254534815,0.9637214745465184,0.0224749563115005,0.1613884507485328,655.3716145678045,537.0094113366274,568.5950136069066,655.3716145678045,0.2118799755052051,0.2468030690537084,0.4338413331434269,0.3762949956101844,-9.473578595317724,6.0,0.5,0.8,9.0,0.0,0.0,ao2026_R128_predictions_cck.csv
1,2026-01-20,R64,Carlos Alcaraz,-6700,Yannick Hanfmann,2800,Carlos Alcaraz,,,0.7282380307009317,0.7282380307009317,0.2717619692990682,Hard,G,5,0.966185977125808,0.0338140228741919,0.9201366754963056,0.831703663592994,424.6019826762936,379.95294486993066,415.8665504028791,424.6019826762936,0.2500887258961315,0.3457142857142857,0.3423694779116465,0.3126001839442912,-4.1303258145363415,5.0,0.3,0.1999999999999999,15.0,0.0,0.0,ao2026_R64_predictions_cck.csv
2,2026-01-20,R64,Michael Zheng,112,Corentin Moutet,-142,Corentin Moutet,,,0.5163397326754543,0.4836602673245457,0.5163397326754543,Hard,G,5,0.4456393635827931,0.5543606364172068,0.4544366217332253,0.4550372265621021,31.74875493200898,-29.06376058089677,64.45821423594771,31.74875493200898,-0.0510204081632653,-0.0384615384615384,-0.0588235294117647,-0.0609756097560976,-8.557522123893806,2.0,-0.0999999999999999,-0.3,-1.0,0.0,0.0,ao2026_R64_predictions_cck.csv
3,2026-01-20,R64,Tommy Paul,-980,Thiago Agustin Tirante,660,Tommy Paul,,,0.6307326739395857,0.6307326739395857,0.3692673260604143,Hard,G,5,0.873358348968105,0.1266416510318949,0.771878454998644,0.7757128181897329,211.7530458447295,165.93423527711957,262.61243313482555,211.7530458447295,-0.0094339622641509,0.1382978723404255,0.1559478772593527,0.1230812561611041,-17.921413624738435,4.0,0.0,0.1999999999999999,1.0,0.0,0.0,ao2026_R64_predictions_cck.csv
4,2026-01-20,R64,Reilly Opelka,179,Alejandro Davidovich Fokina,-231,Alejandro Davidovich Fokina,,,0.5655798757664774,0.4344201242335226,0.5655798757664774,Hard,G,5,0.3393166511189249,0.6606833488810752,0.3527603122069369,0.4381394374310008,105.43416857016246,28.59814961900861,13.612834088551152,105.43416857016246,0.0116129032258065,0.0097402597402598,-0.0248476324425692,-0.0043414154652686,-0.9303355957767714,-2.0,0.0999999999999999,0.0,1.0,0.0,0.0,ao2026_R64_predictions_cck.csv
5,2026-01-20,R64,Alexander Bublik,-452,Marton Fucsovics,334,Alexander Bublik,,,0.588875545090942,0.588875545090942,0.411124454909058,Hard,G,5,0.780401642213806,0.2195983577861939,0.6333852772437585,0.59875872575841,94.98322500478092,59.03784997137268,48.1802291282138,94.98322500478092,-0.0855155482815057,0.0593582887700534,0.0519509476031214,0.0314487467265245,-2.443275246910389,2.0,0.0,0.1999999999999999,-1.0,0.0,0.0,ao2026_R64_predictions_cck.csv
6,2026-01-20,R64,Tomas Martin Etcheverry,-148,Arthur Fery,117,Tomas Martin Etcheverry,,,0.5152027491149193,0.5152027491149193,0.4847972508850807,Hard,G,5,0.5642701525054465,0.4357298474945533,0.5802304519901935,0.4571827316176861,56.23583530590509,18.14774987882356,119.99607354991554,56.23583530590509,0.0421686746987951,-0.0601503759398495,-0.0774647887323943,0.042016806722689,-29.55244755244756,1.0,0.15,0.15,0.0,0.0,0.0,ao2026_R64_predictions_cck.csv
7,2026-01-20,R64,Jordan Thompson,161,Nuno Borges,-207,Nuno Borges,,,0.5075947904094988,0.4924052095905011,0.5075947904094988,Hard,G,5,0.3623402221251785,0.6376597778748214,0.602109733771593,0.5451999830169072,-71.96493327362782,-88.02350851237361,-67.5627055793625,-71.96493327362782,0.1788617886178862,-0.2164846077457795,-0.060246679316888,-0.0515594541910331,2.9996598639455776,1.0,-0.0999999999999999,0.0,1.0,0.0,0.0,ao2026_R64_predictions_cck.csv
8,2026-01-20,R64,Francisco Cerundolo,-395,Damir Dzumhur,296,Francisco Cerundolo,,,0.6089830325514051,0.6089830325514051,0.3910169674485949,Hard,G,5,0.7596153846153846,0.2403846153846153,0.7907300815133057,0.7608511276086047,230.92858228135992,122.75755220940071,186.77138785841112,230.92858228135992,0.0925925925925925,0.006993006993007,0.1499468273661822,0.1680709534368071,-19.7395173453997,1.0,0.3,0.4,5.0,0.0,0.0,ao2026_R64_predictions_cck.csv
9,2026-01-20,R64,Alexander Zverev,-1620,Alexandre Muller,1000,Alexander Zverev,,,0.6800620582625462,0.6800620582625462,0.3199379417374538,Hard,G,5,0.9119754350051176,0.0880245649948822,0.875776758590685,0.809257413121414,339.2762233573401,315.4415980627441,346.54370668727915,339.2762233573401,0.2595687331536387,0.1583333333333333,0.3193877551020407,0.307484076433121,-8.503477443609022,1.0,0.3999999999999999,0.1999999999999999,0.0,0.0,0.0,ao2026_R64_predictions_cck.csv
10,2026-01-20,R64,Emilio Nava,204,Cameron Norrie,-265,Cameron Norrie,,,0.6319691031297613,0.3680308968702387,0.6319691031297613,Hard,G,5,0.3118059114983769,0.6881940885016231,0.2245691525115115,0.2596918285065959,215.2771894751532,134.44279609771343,288.4860094738708,215.2771894751532,0.19661733615222,0.1645021645021646,0.2704934957670865,0.3242228739002932,-24.71248876909255,-1.0,0.3,0.2,1.0,0.0,0.0,ao2026_R64_predictions_cck.csv
11,2026-01-20,R64,Hamad Medjedovic,412,Alex De Minaur,-570,Alex De Minaur,0.0,0.0,0.6068920101022259,0.393107989897774,0.6068920101022259,Hard,G,5,0.1867127410545089,0.813287258945491,0.2113795731537278,0.387057563628528,228.72200215961448,149.58134643840071,253.7503119022224,228.72200215961448,0.1307506053268765,0.2441558441558442,0.0338010204081632,0.129757785467128,-14.366894753991527,4.0,0.0999999999999999,0.3999999999999999,2.0,0.0,0.0,ao2026_R64_predictions_cck.csv
12,2026-01-20,R64,Frances Tiafoe,-269,Francisco Comesana,206,Frances Tiafoe,,,0.6026175394134827,0.6026175394134827,0.3973824605865172,Hard,G,5,0.6904725955005284,0.3095274044994715,0.691481693408101,0.6629224200172741,140.19989918803117,114.22119812113031,212.0305796412481,140.19989918803117,0.17989417989418,0.0749999999999999,0.0978260869565217,0.1605758582502769,-9.582437275985663,-2.0,0.0999999999999999,-0.1999999999999999,-1.0,0.0,0.0,ao2026_R64_predictions_cck.csv
13,2026-01-20,R64,Jaime Faria,557,Andrey Rublev,-800,Andrey Rublev,,,0.6304238488660137,0.3695761511339863,0.6304238488660137,Hard,G,5,0.1461988304093567,0.8538011695906432,0.2034680985659364,0.2167083908729716,237.0827390363152,200.73326243676365,344.8850491151068,237.0827390363152,0.2656862745098039,0.1388888888888888,0.2835262083049694,0.345565749235474,-37.10410094637224,3.0,0.6,0.6,3.0,0.0,0.0,ao2026_R64_predictions_cck.csv
14,2026-01-20,R64,Daniil Medvedev,-730,Quentin Halys,511,Daniil Medvedev,,,0.629020290755583,0.629020290755583,0.370979709244417,Hard,G,5,0.8431090864412226,0.1568909135587774,0.8055314348889466,0.7792317797725277,246.89323325536816,284.35750160058706,374.95770239829017,246.89323325536816,0.1121794871794872,0.1875,0.3972431077694236,0.3280368634305236,-10.12878787878788,2.0,0.0,0.0,2.0,0.0,0.0,ao2026_R64_predictions_cck.csv
15,2026-01-20,R64,Kamil Majchrzak,132,Fabian Marozsan,-168,Fabian Marozsan,,,0.5102683036553594,0.4897316963446406,0.5102683036553594,Hard,G,5,0.4074434444174167,0.5925565555825834,0.5527133656480441,0.5075192297387922,-36.76561832823427,8.076855786803662,28.98723660173664,-36.76561832823427,0.0327586206896551,-0.1405228758169934,-0.0434782608695651,-0.0512820512820513,-5.322618215699977,0.0,-0.1999999999999999,-0.1999999999999999,0.0,0.0,0.0,ao2026_R64_predictions_cck.csv
16,2026-01-20,R64,Learner Tien,-532,Alexander Shevchenko,388,Learner Tien,,,0.5899096616631772,0.5899096616631772,0.4100903383368228,Hard,G,5,0.8042228390166534,0.1957771609833465,0.6781721635516775,0.5904051086311195,129.4865416046755,54.784394585334894,64.14026739446172,129.4865416046755,0.0526315789473684,0.0999999999999999,0.0697115384615384,0.0906362545018007,5.174242424242426,4.0,0.1999999999999999,0.6000000000000001,3.0,0.0,0.0,ao2026_R64_predictions_cck.csv
17,2026-01-20,R64,Lorenzo Musetti,-296,Lorenzo Sonego,226,Lorenzo Musetti,,,0.5687265146321419,0.5687265146321419,0.4312734853678581,Hard,G,5,0.7090289207618152,0.2909710792381848,0.6755100110475657,0.5689356371067178,127.3721947983795,59.61403382944786,134.8396558908039,127.3721947983795,0.0881519274376417,0.0442890442890443,0.0249225851563281,0.0549500676082955,-0.6820586309997703,4.0,0.0999999999999999,0.3999999999999999,2.0,0.0,0.0,ao2026_R64_predictions_cck.csv
18,2026-01-20,R64,Tomas Machac,-153,Stefanos Tsitsipas,120,Stefanos Tsitsipas,,,0.5260979239744994,0.4739020760255006,0.5260979239744994,Hard,G,5,0.5708955223880597,0.4291044776119403,0.3952837798780533,0.41849681753683,73.85704955843175,36.063757481769926,123.49152967748182,73.85704955843175,0.2039755351681957,0.1053571428571428,0.1196646341463414,0.1560009376465072,-6.9229024943310655,0.0,0.0999999999999999,-0.1999999999999999,1.0,0.0,0.0,ao2026_R64_predictions_cck.csv
19,2026-01-20,R64,Arthur Gea,-171,Stan Wawrinka,134,Arthur Gea,,,0.5140141213415359,0.5140141213415359,0.4859858786584641,Hard,G,5,0.5962094346932086,0.4037905653067914,0.4564352866907848,0.456737782502213,-30.34881750227737,-20.2423184564625,-130.4155253990989,-30.34881750227737,0.0454545454545455,0.0,0.0405405405405405,0.0431034482758621,10.09433962264151,-7.0,0.0,0.0999999999999999,2.0,0.0,0.0,ao2026_R64_predictions_cck.csv
20,2026-01-20,R64,Vit Kopriva,870,Taylor Fritz,-1360,Taylor Fritz,,,0.6535802865535187,0.3464197134464813,0.6535802865535187,Hard,G,5,0.0996450996450996,0.9003549003549003,0.1072519507436512,0.1896524638614501,368.1294839317964,293.43086775328266,332.8590915253883,368.1294839317964,0.1774891774891775,0.2568027210884353,0.2719562243502051,0.310752688172043,-22.726666666666667,5.0,0.7000000000000001,0.8,7.0,0.0,0.0,ao2026_R64_predictions_cck.csv
21,2026-01-20,R64,Jakub Mensik,-182,Rafael Jodar,142,Jakub Mensik,,,0.5384842248359075,0.5384842248359075,0.4615157751640925,Hard,G,5,0.6096561652178727,0.3903438347821272,0.6379415982694415,0.5801910309913093,98.40091687468087,81.53999882886637,160.10910372973535,98.40091687468087,0.05,-0.0263157894736842,0.0769230769230768,0.0633802816901408,-10.229508196721312,3.0,0.0,0.0999999999999999,-1.0,0.0,0.0,ao2026_R64_predictions_cck.csv
22,2026-01-20,R64,Hubert Hurkacz,-372,Ethan Quinn,280,Hubert Hurkacz,,,0.6171513236676688,0.6171513236676688,0.3828486763323312,Hard,G,5,0.7496817988969028,0.2503182011030971,0.8581054166383927,0.7852036928433067,312.62993049276747,228.3317946625096,295.79238813693223,312.62993049276747,0.1071428571428571,0.1341463414634146,0.3325621746674378,0.2886486486486487,-18.69718875502008,-1.0,0.2,0.2,-1.0,0.0,0.0,ao2026_R64_predictions_cck.csv
23,2026-01-20,R64,Botic Van De Zandschulp,122,Juncheng Shang,-155,Juncheng Shang,,,0.5297510929888648,0.4702489070111352,0.5297510929888648,Hard,G,5,0.4256384576865298,0.5743615423134703,0.4302729162428708,0.4233937120551137,48.76914217858712,14.679547283478314,127.79288539320396,48.76914217858712,-0.125,0.0333333333333333,0.0216450216450216,-0.002079002079002,-14.359375,0.0,-0.2333333333333333,-0.3333333333333333,-7.0,0.0,0.0,ao2026_R64_predictions_cck.csv
24,2026-01-20,R64,Francesco Maestrelli,2600,Novak Djokovic,-5800,Novak Djokovic,,,0.6743535405006336,0.3256464594993665,0.6743535405006336,Hard,G,5,0.0363076923076923,0.9636923076923076,0.0574237181892253,0.1646361747661293,486.0900790714488,397.955763098076,562.5820382544034,486.0900790714488,0.2764705882352941,0.3372093023255814,0.3921698739216988,0.3944341372912802,-23.87234042553192,5.0,0.3,0.3,0.0,0.0,0.0,ao2026_R64_predictions_cck.csv
25,2026-01-20,R64,Ben Shelton,-900,Dane Sweeny,610,Ben Shelton,,,0.6335609336607682,0.6335609336607682,0.3664390663392318,Hard,G,5,0.86468200270636,0.13531799729364,0.8205582711605963,0.7606769480026407,264.0743930666397,222.4718577528965,280.84894560725047,264.0743930666397,-0.0161290322580645,0.0357142857142857,0.1875,0.1585264900662252,-20.4468085106383,10.0,0.4666666666666667,0.3999999999999999,1.0,0.0,0.0,ao2026_R64_predictions_cck.csv
26,2026-01-20,R64,Rinky Hijikata,147,Valentin Vacherot,-188,Valentin Vacherot,,,0.5447539748328096,0.4552460251671903,0.5447539748328096,Hard,G,5,0.382795470253602,0.6172045297463981,0.3901432236803172,0.404349932645081,77.60151425045865,-28.03346039981716,63.02025111854209,77.60151425045865,0.0138888888888888,0.0,0.0454545454545455,-0.0415584415584414,18.571641791044776,0.0,-0.1,0.2,-1.0,0.0,0.0,ao2026_R64_predictions_cck.csv
27,2026-01-20,R64,Denis Shapovalov,-145,Marin Cilic,114,Denis Shapovalov,,,0.5125336929094035,0.5125336929094035,0.4874663070905964,Hard,G,5,0.558797046641455,0.4412029533585449,0.5158931446407807,0.4866718379319857,11.047409681549198,47.71545812217187,-42.799375797112816,11.047409681549198,-0.0277777777777777,-0.1396551724137931,0.0182257356170398,-0.0236650485436893,-1.2237282972890666,2.0,0.0,0.0,1.0,0.0,0.0,ao2026_R64_predictions_cck.csv
28,2026-01-20,R64,Jaume Munar,196,Casper Ruud,-255,Casper Ruud,,,0.6254416001004662,0.3745583998995337,0.6254416001004662,Hard,G,5,0.3198774553973689,0.6801225446026311,0.3818267435618265,0.2787167635077671,83.6975475990796,202.3809911417561,259.2283398723157,83.6975475990796,0.2766274392968866,0.041407867494824,0.2774451097804392,0.2579568172730908,-4.0120405018710095,0.0,0.0999999999999999,0.0,1.0,0.0,0.0,ao2026_R64_predictions_cck.csv
29,2026-01-20,R64,Karen Khachanov,-248,Nishesh Basavareddy,191,Karen Khachanov,,,0.6161833035458671,0.6161833035458671,0.3838166964541328,Hard,G,5,0.6746690599057663,0.3253309400942338,0.8050394081186572,0.7626162505322059,246.34812229015847,207.6396476512525,282.43932109088564,246.34812229015847,0.0846153846153846,0.1212121212121213,0.2243093922651933,0.2427606177606177,-17.967871485943775,0.0,0.4333333333333333,0.2,2.0,0.0,0.0,ao2026_R64_predictions_cck.csv
30,2026-01-20,R64,Eliot Spizzirri,-140,Yibing Wu,110,Eliot Spizzirri,,,0.5011689336224958,0.5011689336224958,0.4988310663775042,Hard,G,5,0.550561797752809,0.449438202247191,0.4834785360819578,0.459053822012347,-11.484469913465771,-49.93382324471781,-89.40164000767754,-11.484469913465771,0.0789473684210527,0.0615384615384614,-0.1009615384615384,-0.0397727272727272,19.65686274509805,0.0,0.0333333333333333,0.0,-2.0,0.0,0.0,ao2026_R64_predictions_cck.csv
31,2026-01-20,R64,Sebastian Baez,-173,Luciano Darderi,136,Sebastian Baez,,,0.5106912000351881,0.5106912000351881,0.4893087999648119,Hard,G,5,0.5992837012682011,0.400716298731799,0.4693501760846862,0.4354404547221829,-21.32441572785752,-29.179876679966128,60.94089714933875,-21.32441572785752,0.0211462450592885,-0.1190476190476191,0.0020946795140343,0.0042586414933635,-0.7624251886546975,-3.0,-0.5,-0.6,-10.0,0.0,0.0,ao2026_R64_predictions_cck.csv
32,2026-01-20,R64,James Duckworth,2600,Jannik Sinner,-5900,Jannik Sinner,,,0.7090177684848854,0.2909822315151146,0.7090177684848854,Hard,G,5,0.0362976406533575,0.9637023593466424,0.0171314038096763,0.1568643231016583,703.4810027889694,556.0437709713347,588.4254469366888,703.4810027889694,0.2526408450704225,0.2657784011220196,0.3817226890756303,0.3674989538289859,-7.292942109436952,6.0,0.9,1.0,15.0,0.0,0.0,ao2026_R64_predictions_cck.csv
1,2026-01-22,R32,Carlos Alcaraz,-3800,Corentin Moutet,1920,Carlos Alcaraz,,,0.6874131288837784,0.6874131288837784,0.3125868711162216,Hard,G,5,0.9516488966030252,0.0483511033969749,0.9425791573394672,0.7586697098966901,486.0993082787845,416.96288488599566,463.7135461519174,486.0993082787845,0.3454129315277512,0.3241758241758242,0.317859673990078,0.3541959487391485,-6.144232262071107,6.0,0.6,0.8,19.0,0.0,0.0,ao2026_R32_predictions_cck.csv
2,2026-01-22,R32,Tommy Paul,-207,Alejandro Davidovich Fokina,161,Tommy Paul,,,0.5689250240232182,0.5689250240232182,0.4310749759767818,Hard,G,5,0.6376597778748214,0.3623402221251785,0.6177250527142779,0.6069257338138844,83.36775121190294,107.23866573449254,129.28799885537046,83.36775121190294,-0.069433962264151,0.1740121580547112,0.1360048573163328,0.0999755816792827,-1.1773525387655823,2.0,0.0,0.1999999999999999,0.0,0.0,0.0,ao2026_R32_predictions_cck.csv
3,2026-01-22,R32,Alexander Bublik,-384,Tomas Martin Etcheverry,288,Alexander Bublik,,,0.5981479222963504,0.5981479222963504,0.4018520777036496,Hard,G,5,0.7548026262462512,0.2451973737537488,0.636330537234781,0.6208930689369665,97.1903721441024,39.57991312610648,69.56992475824973,97.1903721441024,-0.1383225208526413,0.2497607655502392,0.0902853015529071,0.0438150568869523,-1.7522734775953666,1.0,0.0,0.1999999999999999,-1.0,0.0,0.0,ao2026_R32_predictions_cck.csv
4,2026-01-22,R32,Frances Tiafoe,407,Alex De Minaur,-563,Alex De Minaur,,,0.6103259966926969,0.389674003307303,0.6103259966926969,Hard,G,5,0.1884909635214547,0.8115090364785453,0.3378766027198692,0.3879632089279521,116.87232636473571,74.43472873657402,104.84510164367452,116.87232636473571,0.0222849968612679,0.0977272727272727,0.0297249334516415,0.0406104986454225,-0.5824372759856633,2.0,0.0,0.1999999999999999,1.0,0.0,0.0,ao2026_R32_predictions_cck.csv
5,2026-01-22,R32,Alexander Zverev,-435,Cameron Norrie,323,Alexander Zverev,,,0.6468219319016961,0.6468219319016961,0.3531780680983039,Hard,G,5,0.7747415843876971,0.2252584156123029,0.7741709170496537,0.7312670783458755,214.0227925556369,218.05928399631784,117.24873586483886,214.0227925556369,0.09412022817025,0.0059523809523809,0.1385494317487473,0.1179386218876664,-1.229083912611718,0.0,0.1999999999999999,0.1999999999999999,1.0,0.0,0.0,ao2026_R32_predictions_cck.csv
6,2026-01-22,R32,Francisco Cerundolo,114,Andrey Rublev,-145,Andrey Rublev,,,0.5559478670071362,0.4440521329928638,0.5559478670071362,Hard,G,5,0.4412029533585449,0.558797046641455,0.4186415935783156,0.2974973593632766,57.04063273327438,128.9033966749157,139.67106677242373,57.04063273327438,0.089760348583878,0.1773504273504273,0.1956141203928815,0.1471917654956366,-2.4528188950901884,2.0,0.0999999999999999,0.1999999999999999,0.0,0.0,0.0,ao2026_R32_predictions_cck.csv
7,2026-01-22,R32,Daniil Medvedev,-488,Fabian Marozsan,359,Daniil Medvedev,,,0.6562338113393722,0.6562338113393722,0.3437661886606278,Hard,G,5,0.792073325978104,0.2079266740218959,0.7735392772822144,0.7548801289015126,213.3957925560328,192.80881285560872,305.0709877747063,213.3957925560328,0.1710875331564986,0.2986111111111111,0.2543859649122807,0.2701435372445144,-5.199775533108865,0.0,-0.1,0.0,0.0,0.0,0.0,ao2026_R32_predictions_cck.csv
8,2026-01-22,R32,Learner Tien,-206,Nuno Borges,160,Learner Tien,,,0.5381222867663664,0.5381222867663664,0.4618777132336336,Hard,G,5,0.6364068441064639,0.3635931558935361,0.5636343079120316,0.5125678470416857,44.458728866535466,50.59091008999917,25.9630384685222,44.458728866535466,-0.0121951219512195,0.131578947368421,0.0753676470588236,0.0757080610021786,4.01700680272109,2.0,0.0999999999999999,0.4,0.0,0.0,0.0,ao2026_R32_predictions_cck.csv
9,2026-01-22,R32,Lorenzo Musetti,-181,Tomas Machac,142,Lorenzo Musetti,,,0.5347102022968206,0.5347102022968206,0.4652897977031793,Hard,G,5,0.6091902867792274,0.3908097132207727,0.6089538801572636,0.4994049391826572,76.94256844632969,-30.36297505061748,41.83094195426088,76.94256844632969,0.0353741496598639,0.1522435897435897,-0.050669872895912,0.0073645073645073,-5.738832882550611,1.0,0.1999999999999999,0.0,1.0,0.0,0.0,ao2026_R32_predictions_cck.csv
10,2026-01-22,R32,Stan Wawrinka,547,Taylor Fritz,-790,Taylor Fritz,,,0.7589677891539547,0.2410322108460453,0.7589677891539547,Hard,G,5,0.1483012014063619,0.851698798593638,0.1647918543459034,0.2090136236142441,281.9435922201162,259.5253128097322,243.4679024497675,281.9435922201162,0.1515151515151516,0.173469387755102,0.2242614707730986,0.2205228031145717,-4.682327044025157,-1.0,0.3,0.4,1.0,0.0,0.0,ao2026_R32_predictions_cck.csv
11,2026-01-22,R32,Jakub Mensik,-282,Ethan Quinn,216,Jakub Mensik,,,0.6111023998581286,0.6111023998581286,0.3888976001418713,Hard,G,5,0.6999497297976625,0.3000502702023376,0.7111069671008458,0.769291869685263,156.47914615611012,126.21175901803667,148.5563070460321,156.47914615611012,0.05,-0.0263157894736842,0.2611336032388663,0.2033802816901408,-14.62950819672131,1.0,0.2,0.3999999999999999,0.0,0.0,0.0,ao2026_R32_predictions_cck.csv
12,2026-01-22,R32,Botic Van De Zandschulp,690,Novak Djokovic,-1040,Novak Djokovic,,,0.6571787044643389,0.3428212955356611,0.6571787044643389,Hard,G,5,0.1218469431380932,0.8781530568619068,0.0588327148294472,0.1634350721001027,481.6191733736557,397.955763098076,547.1065571924203,481.6191733736557,0.2764705882352941,0.3372093023255814,0.3921698739216988,0.3874411302982731,-21.87234042553192,5.0,0.4666666666666667,0.4666666666666667,1.0,0.0,0.0,ao2026_R32_predictions_cck.csv
13,2026-01-22,R32,Ben Shelton,-350,Valentin Vacherot,264,Ben Shelton,,,0.5905612687096116,0.5905612687096116,0.4094387312903884,Hard,G,5,0.7389791183294664,0.2610208816705336,0.6990130659312824,0.7221632603760524,146.37506019563102,220.88803399261224,176.92822238986764,146.37506019563102,0.0949820788530466,0.0357142857142857,0.125,0.1960264900662252,-25.346808510638297,10.0,0.5,0.1999999999999999,2.0,0.0,0.0,ao2026_R32_predictions_cck.csv
14,2026-01-22,R32,Marin Cilic,187,Casper Ruud,-242,Casper Ruud,,,0.547413656747272,0.4525863432527279,0.547413656747272,Hard,G,5,0.3299438516603315,0.6700561483396685,0.417723832981431,0.4584789760339985,57.69590404205496,83.11072204801258,145.52959106092976,57.69590404205496,0.2386455798864557,-0.213464696223317,0.0855259178612471,0.1161885245901639,-3.3535795598279794,3.0,0.1999999999999999,0.1999999999999999,2.0,0.0,0.0,ao2026_R32_predictions_cck.csv
15,2026-01-22,R32,Karen Khachanov,-406,Luciano Darderi,303,Karen Khachanov,,,0.6194606937394509,0.6194606937394509,0.3805393062605491,Hard,G,5,0.7637920249465499,0.2362079750534502,0.7590546114528889,0.7095043257399666,199.3417617222956,248.1747700020589,175.29978289703308,199.3417617222956,-0.029020979020979,0.0757575757575758,0.301728747103903,0.1246099328291109,-2.380569898642188,-2.0,0.0999999999999999,-0.1999999999999999,-1.0,0.0,0.0,ao2026_R32_predictions_cck.csv
16,2026-01-22,R32,Eliot Spizzirri,2500,Jannik Sinner,-5600,Jannik Sinner,,,0.7047526953455912,0.2952473046544088,0.7047526953455912,Hard,G,5,0.037673496364838,0.9623265036351618,0.0233459031980423,0.1759476293980947,648.612038292865,483.5002238719255,641.3989147593702,648.612038292865,0.1901408450704225,0.2558528428093645,0.3451842275371687,0.3505597014925373,-28.002564102564104,6.0,0.5666666666666667,0.6,6.0,0.0,0.0,ao2026_R32_predictions_cck.csv
1,2026-01-24,R16,Carlos Alcaraz,-910,Tommy Paul,660,Carlos Alcaraz,,,0.7331244347236844,0.7331244347236844,0.2668755652763156,Hard,G,5,0.8725712843805198,0.1274287156194801,0.8397483648903896,0.777271468378197,287.738678957111,218.73518874585125,237.95287523485624,287.738678957111,0.3038264856286369,0.1474164133738601,0.141549805780499,0.1886576013404654,-0.7215172318147154,3.0,0.5,0.4,19.0,0.0,0.0,ao2026_R16_predictions_cck.csv
2,2026-01-24,R16,Alexander Bublik,136,Alex De Minaur,-167,Alex De Minaur,,,0.6038559084138138,0.3961440915861862,0.6038559084138138,Hard,G,5,0.4038601161665053,0.5961398838334947,0.3390196713550423,0.3079109052655295,115.98545446244952,154.4359358055599,151.2189605962053,115.98545446244952,0.1554758800521512,0.0545454545454545,0.1147305075876504,0.115354493286058,-0.9712646330395192,1.0,0.1999999999999999,0.0,1.0,0.0,0.0,ao2026_R16_predictions_cck.csv
3,2026-01-24,R16,Alexander Zverev,-250,Francisco Cerundolo,201,Alexander Zverev,1.0,1.0,0.6225912200907855,0.6225912200907855,0.3774087799092145,Hard,G,5,0.6825396825396824,0.3174603174603174,0.7837096066325044,0.8061066516879324,223.64717594005447,245.31502326972893,201.93021096518737,223.64717594005447,0.1526904262753319,0.1634615384615385,0.2468602825745682,0.2007767593599502,-2.766481106612685,1.0,0.1999999999999999,0.1999999999999999,1.0,0.0,0.0,ao2026_R16_predictions_cck.csv
4,2026-01-24,R16,Daniil Medvedev,-191,Learner Tien,156,Daniil Medvedev,,,0.5800169691636178,0.5800169691636178,0.4199830308363822,Hard,G,5,0.6269039437919894,0.3730960562080107,0.6819148508678419,0.6286525423571716,132.47470224052995,176.63877275401228,296.2001571086409,132.47470224052995,0.1538461538461538,0.1875,0.2231359649122807,0.2132592450661046,-10.1010101010101,-2.0,-0.3,-0.4,0.0,0.0,0.0,ao2026_R16_predictions_cck.csv
5,2026-01-24,R16,Lorenzo Musetti,110,Taylor Fritz,-134,Taylor Fritz,,,0.6363485148692474,0.3636514851307526,0.6363485148692474,Hard,G,5,0.4540162980209546,0.5459837019790454,0.3415830773307693,0.2455488382279279,114.00185513045471,204.80470130623075,123.22485942558932,114.00185513045471,0.0040197897340754,0.0837257980115122,0.1978054372748116,0.1330178104371652,-0.9051807228915658,1.0,0.2,0.2,0.0,0.0,0.0,ao2026_R16_predictions_cck.csv
6,2026-01-24,R16,Jakub Mensik,245,Novak Djokovic,-307,Novak Djokovic,,,0.6696794093853125,0.3303205906146876,0.6696794093853125,Hard,G,5,0.2775977901306142,0.7224022098693859,0.0969381224018558,0.1986998349033021,387.689162196768,316.4157642692096,402.47293452466806,387.689162196768,0.2264705882352941,0.3635250917992657,0.2697922515440764,0.2855993101465938,-3.6428322288106014,3.0,0.3,0.2,0.0,0.0,0.0,ao2026_R16_predictions_cck.csv
7,2026-01-24,R16,Ben Shelton,-152,Casper Ruud,124,Ben Shelton,,,0.5595660660970121,0.5595660660970121,0.4404339339029879,Hard,G,5,0.5746691871455576,0.4253308128544423,0.6402846333898358,0.5817590372385891,100.16563531041947,96.62178726086654,-54.03131473360054,100.16563531041947,-0.282552389922298,0.0595238095238095,0.0142215568862275,-0.0826620345239387,1.3769203029210244,7.0,0.2,0.0,0.0,0.0,0.0,ao2026_R16_predictions_cck.csv
8,2026-01-24,R16,Luciano Darderi,1700,Jannik Sinner,-2900,Jannik Sinner,,,0.7521263144497428,0.2478736855502571,0.7521263144497428,Hard,G,5,0.0543478260869565,0.9456521739130436,0.028466602666377,0.187023905920296,613.2488379565839,534.4542372078465,531.5056185856374,613.2488379565839,0.0765044814340588,0.217391304347826,0.4841420439143399,0.2949090165610305,-3.5819291819291816,4.0,0.4,0.4,6.0,0.0,0.0,ao2026_R16_predictions_cck.csv
1,2026-01-27,QF,Carlos Alcaraz,-541,Alex De Minaur,413,Carlos Alcaraz,,,0.7356622213009394,0.7356622213009394,0.2643377786990606,Hard,G,5,0.8123717556559231,0.1876282443440768,0.804812853180872,0.8214360653836477,246.0974751522436,175.73552549460896,185.0478753374016,246.0974751522436,0.2350704894661809,0.1129870129870129,0.13148512417015,0.1634625535159228,-0.4257687228824753,3.0,0.4,0.4,19.0,0.0,0.0,ao2026_QF_predictions_cck.csv
2,2026-01-27,QF,Alexander Zverev,-223,Learner Tien,180,Alexander Zverev,,,0.616311057805468,0.616311057805468,0.383688942194532,Hard,G,5,0.6590669199915558,0.3409330800084441,0.7921184063918686,0.6938959413338532,232.38962705337963,235.99711220171343,256.4536942008242,232.38962705337963,0.2452830188679244,0.125,0.1881377551020407,0.2030723117272386,-10.751096491228072,-2.0,0.0999999999999999,-0.2,0.0,0.0,0.0,ao2026_QF_predictions_cck.csv
3,2026-01-27,QF,Lorenzo Musetti,229,Novak Djokovic,-286,Novak Djokovic,,,0.7063442323835118,0.2936557676164881,0.7063442323835118,Hard,G,5,0.2908948407614511,0.7091051592385489,0.1602045065381178,0.2088288439520559,287.79952447951,322.992833138112,311.92346983112634,287.79952447951,0.1744297719087635,0.2474657125819916,0.3607998355094067,0.3045780474351902,-0.0008544817568143,1.0,0.2,0.2,0.0,0.0,0.0,ao2026_QF_predictions_cck.csv
4,2026-01-27,QF,Ben Shelton,1060,Jannik Sinner,-1580,Jannik Sinner,,,0.758338608312659,0.241661391687341,0.758338608312659,Hard,G,5,0.0839664134346261,0.9160335865653738,0.0978297390560515,0.2512324319876265,385.9270447333656,272.7912900740221,347.9323469409903,385.9270447333656,0.206269877328487,0.1816770186335403,0.1817226890756302,0.1920332114263121,-1.722422258592471,-3.0,0.0999999999999999,0.4,6.0,0.0,0.0,ao2026_QF_predictions_cck.csv
1,2026-01-29,SF,Carlos Alcaraz,-510,Alexander Zverev,392,Carlos Alcaraz,,,0.6279842843844059,0.6279842843844059,0.3720157156155941,Hard,G,5,0.8044370351372145,0.1955629648627853,0.7077398813246039,0.6653650650902374,153.6416450381107,84.68415932526045,133.0275670799947,153.6416450381107,0.0491095044965614,0.1607142857142857,0.0396483894762724,0.0607362625499299,0.7160087719298245,5.0,0.3,0.4,19.0,0.0,0.0,ao2026_SF_predictions_cck.csv
2,2026-01-29,SF,Novak Djokovic,850,Jannik Sinner,-1220,Jannik Sinner,,,0.6355639293108648,0.3644360706891352,0.6355639293108648,Hard,G,5,0.1022463206816421,0.8977536793183578,0.2915042862549215,0.4392280239259141,154.2769128904149,86.72356096855833,77.78495370746032,154.2769128904149,-0.0863297431648716,-0.1198179979777553,-0.0399926393915229,-0.0609198903441973,-1.2968903436988537,2.0,0.0999999999999999,0.1999999999999999,6.0,0.0,0.0,ao2026_SF_predictions_cck.csv
1,2026-02-01,F,Carlos Alcaraz,-320,Novak Djokovic,254,Carlos Alcaraz,,,0.5230019593067763,0.5230019593067763,0.4769980406932237,Hard,G,5,0.7295208655332303,0.2704791344667697,0.5455765498378954,0.4443698043521231,31.75798413934467,-10.056638792977084,-34.41027786653831,31.75798413934467,0.0179219351291918,-0.0514950166112957,-0.08767918388884,-0.0557592528536837,-0.8294139604329978,2.0,0.1999999999999999,0.1999999999999999,19.0,0.0,0.0,ao2026_F_predictions_cck.csv
