player,matches,wins,losses,avg_rest_days,matches_28d_latest,rolling_10_winrate_latest,rolling_5_winrate_latest,streak_latest,win_rate,peak_elo,current_elo,wr_Clay,wr_Grass,wr_Hard,wr_Unknown
Jannik Sinner,301,237,64,4.714285714285714,7,1.0,1.0,13,0.7874,2074.3076603560776,2074.3076603560776,0.7213,0.7241,0.8152,
Novak Djokovic,224,193,31,5.866071428571429,6,0.9,1.0,-1,0.8616,2054.170123966877,1978.1160162006495,0.8133,0.9286,0.876,
Carlos Alcaraz,263,208,55,5.167300380228137,5,0.6,0.4,0,0.7909,1997.9289289887574,1928.5549284302515,0.8247,0.8889,0.7482,
Alexander Zverev,287,213,74,4.334494773519164,11,0.9,1.0,-1,0.7422,1895.49462529874,1875.2297737193653,0.7708,0.7143,0.7294,
Taylor Fritz,277,187,90,5.111913357400722,6,0.6,0.6,1,0.6751,1829.6238484851604,1824.6898187645686,0.625,0.697,0.6862,
Daniil Medvedev,292,221,71,4.811643835616438,3,0.6,0.4,-1,0.7568,1924.0810275715,1821.8320139298617,0.6905,0.7368,0.7736,
Grigor Dimitrov,218,138,80,6.3577981651376145,11,0.7,0.6,0,0.633,1865.4434468800616,1801.1063174705866,0.6078,0.6111,0.6443,
Jack Draper,130,79,51,8.4,7,0.9,1.0,-1,0.6077,1780.0918468126142,1780.0918468126142,0.45,0.6818,0.625,
Alex De Minaur,266,168,98,5.443609022556391,8,0.4,0.0,-1,0.6316,1842.6716800219504,1779.340304858187,0.5714,0.7073,0.6307,
Tommy Paul,246,150,96,5.703252032520325,8,0.7,0.8,-1,0.6098,1790.457024823865,1764.9199305430736,0.4884,0.6857,0.625,
Sebastian Korda,199,123,76,6.562814070351759,12,0.8,0.6,-1,0.6181,1789.8744648933002,1759.4793660924327,0.5263,0.64,0.6397,
Nick Kyrgios,68,47,21,8.25,0,0.7,0.6,-1,0.6912,1779.8734522983857,1757.9362904300176,0.75,0.7143,0.6744,
Hubert Hurkacz,249,163,86,5.7028112449799195,0,0.6,0.4,-1,0.6546,1807.3767918057022,1754.585764998216,0.6304,0.6774,0.657,
Holger Rune,223,139,84,6.00896860986547,11,0.8,0.8,-1,0.6233,1827.5167249244075,1746.1175683968233,0.6267,0.5882,0.626,
Rafael Nadal,102,77,25,9.009803921568627,0,0.6,0.6,-1,0.7549,1884.6991018672682,1738.2104663047678,0.78,0.8333,0.7174,
Stefanos Tsitsipas,301,212,89,4.631229235880399,11,0.7,0.8,-1,0.7043,1832.3158634284712,1722.2667450659285,0.798,0.5833,0.6685,
Matteo Berrettini,167,118,49,7.479041916167665,2,0.5,0.6,1,0.7066,1764.0700985288772,1720.5595668213891,0.814,0.8286,0.6067,
Karen Khachanov,232,143,89,5.853448275862069,14,0.9,0.8,-1,0.6164,1761.1727444625635,1717.4483553333994,0.6,0.5556,0.6289,
Lorenzo Musetti,237,129,108,5.810126582278481,1,0.5,0.6,-1,0.5443,1750.5406556380153,1708.754793051314,0.6136,0.6429,0.4711,
Ben Shelton,123,70,53,6.536585365853658,2,0.7,0.6,-1,0.5691,1732.384146867823,1701.319395549327,0.4762,0.4615,0.6067,
Tomas Machac,89,49,40,11.44943820224719,10,0.7,0.6,-1,0.5506,1708.8840512110912,1697.3700428771187,0.6,0.25,0.5538,
Jiri Lehecka,143,78,65,7.3426573426573425,9,0.6,0.4,0,0.5455,1720.3209532319443,1685.075422688375,0.5161,0.5,0.5588,
Andrey Rublev,300,205,95,4.693333333333333,10,0.4,0.2,-1,0.6833,1832.7924137438636,1681.5697115084129,0.7067,0.6818,0.6749,
Frances Tiafoe,236,140,96,6.016949152542373,6,0.4,0.4,-1,0.5932,1738.2450282071825,1681.495624889395,0.5455,0.6071,0.6037,
Jan Lennard Struff,168,86,82,8.31547619047619,5,0.5,0.6,-1,0.5119,1721.4886812814,1680.4327919549705,0.6429,0.5417,0.4205,
Arthur Fils,109,63,46,6.91743119266055,2,0.5,0.4,0,0.578,1704.9230423559932,1680.1497795086984,0.5758,0.5455,0.5846,
Felix Auger Aliassime,249,153,96,5.534136546184739,5,0.5,0.4,-1,0.6145,1806.5747957692374,1679.2206711316226,0.5763,0.5833,0.6325,
Gael Monfils,132,73,59,8.75,6,0.6,0.8,-1,0.553,1688.2735689412243,1676.005572035778,0.3333,0.5455,0.6,
Alexei Popyrin,163,79,84,8.349693251533742,5,0.5,0.6,0,0.4847,1680.0433197365555,1662.0662780733899,0.4872,0.2941,0.514,
Ugo Humbert,190,100,90,7.015789473684211,9,0.7,1.0,-1,0.5263,1762.7558983657827,1658.8057422482677,0.2812,0.5429,0.5854,
Casper Ruud,286,197,89,4.916083916083916,8,0.3,0.4,-1,0.6888,1846.4010767250438,1657.3988852313519,0.7891,0.4545,0.619,
Denis Shapovalov,189,104,85,6.814814814814815,5,0.8,1.0,-1,0.5503,1658.4241214419085,1655.454317200126,0.5,0.5862,0.5574,
Tallon Griekspoor,179,92,87,7.5083798882681565,4,0.5,0.4,-1,0.514,1684.5129372821973,1649.0160669216466,0.45,0.6154,0.5133,
Flavio Cobolli,79,41,38,9.670886075949367,6,0.6,0.6,-1,0.519,1656.8612676067416,1647.1113032231403,0.5,0.4286,0.5455,
Jordan Thompson,173,87,86,7.820809248554913,4,0.6,0.6,-1,0.5029,1676.9279508741722,1643.5831664975578,0.2609,0.5897,0.5225,
Jakub Mensik,49,28,21,9.122448979591837,2,0.6,0.4,-1,0.5714,1660.0874120217622,1637.0821237000491,0.6,0.3333,0.6061,
Roberto Bautista Agut,200,112,88,6.835,7,0.7,0.8,-1,0.56,1685.0614145227182,1636.038862598505,0.5111,0.6452,0.5565,
Francisco Cerundolo,188,101,87,6.8563829787234045,5,0.5,0.6,1,0.5372,1693.3479122529504,1629.4333715152882,0.602,0.4667,0.4667,
Brandon Nakashima,171,93,78,7.105263157894737,4,0.4,0.2,-1,0.5439,1678.0269742318353,1624.2272875892913,0.4783,0.5385,0.5574,
Pablo Carreno Busta,139,84,55,6.899280575539568,2,0.6,0.4,-1,0.6043,1689.77106103551,1615.969677471166,0.6512,0.4,0.6047,
David Goffin,140,68,72,9.0,7,0.8,0.8,0,0.4857,1612.1383192808207,1612.1383192808207,0.5238,0.4615,0.4706,
Matteo Arnaldi,92,48,44,8.25,3,0.4,0.4,-1,0.5217,1656.6869753781032,1611.6242702776715,0.5455,0.25,0.5273,
Kei Nishikori,65,37,28,9.246153846153845,5,0.6,0.6,-1,0.5692,1626.8499378445752,1611.5150792564402,0.6,0.4,0.5778,
Marcos Giron,195,92,103,7.0717948717948715,10,0.7,0.6,-1,0.4718,1607.3444337476567,1607.3444337476567,0.3846,0.5333,0.4841,
Cameron Norrie,254,158,96,5.496062992125984,6,0.6,0.8,-1,0.622,1778.0016123215908,1603.4250976727362,0.6711,0.6296,0.596,
Thanasi Kokkinakis,102,49,53,11.970588235294118,1,0.6,0.6,0,0.4804,1603.2284796949239,1603.2284796949239,0.4375,0.5,0.4878,
Alex Michelsen,79,41,38,6.8354430379746836,3,0.7,0.8,-1,0.519,1629.0424467518021,1602.878302714845,0.3333,0.5625,0.537,
Tomas Martin Etcheverry,137,65,72,7.9489051094890515,6,0.5,0.4,-1,0.4745,1622.3161055563771,1601.3251106923267,0.5479,0.25,0.4107,
Giovanni Mpetshi Perricard,34,19,15,9.558823529411764,8,0.6,1.0,-1,0.5588,1609.951032793134,1595.0246054701415,0.7143,0.5,0.5263,
Yoshihito Nishioka,149,69,80,8.979865771812081,6,0.5,0.6,-1,0.4631,1619.5023696221783,1592.7640607469093,0.4839,0.3636,0.4673,
Milos Raonic,33,18,15,16.606060606060606,0,0.6,0.6,-1,0.5455,1596.489612809744,1589.5157787347719,0.0,0.5556,0.5652,
Yannick Hanfmann,122,59,63,9.19672131147541,5,0.8,1.0,-1,0.4836,1612.2237598957665,1589.4965544905099,0.5507,0.4,0.3947,
Alex Molcan,95,50,45,10.821052631578947,1,0.5,0.6,-1,0.5263,1622.6058164226083,1588.493531721735,0.6327,0.4286,0.4103,
Emil Ruusuvuori,190,100,90,6.9526315789473685,4,0.5,0.6,0,0.5263,1660.5271694313162,1587.7645926480618,0.3889,0.4783,0.5725,
Jenson Brooksby,76,45,31,7.315789473684211,6,0.5,0.8,0,0.5921,1663.4313415304105,1586.8112975217543,0.2857,0.5833,0.6316,
Marin Cilic,128,73,55,7.8046875,3,0.6,0.2,-1,0.5703,1701.1099020446873,1584.663313582593,0.5385,0.8,0.5402,
Roman Safiullin,104,49,55,10.923076923076923,2,0.6,0.6,-1,0.4712,1641.6085212781468,1583.8331090373777,0.4286,0.5385,0.4714,
Alejandro Davidovich Fokina,197,99,98,6.8578680203045685,6,0.4,0.4,-1,0.5025,1660.7676508082652,1581.1861349896642,0.5692,0.4,0.4786,
Bu Yunchaokete,18,10,8,12.222222222222221,2,0.7,0.6,0,0.5556,1579.3594302584197,1579.3594302584197,0.0,,0.5882,
Juncheng Shang,62,29,33,12.629032258064516,2,0.3,0.0,-1,0.4677,1643.3289785243644,1576.6958465673672,0.1667,0.6,0.4902,
Marcelo Arevalo,10,8,2,33.0,1,0.8888888888888888,1.0,-1,0.8,1576.1695625362297,1576.1695625362297,0.6667,,0.8,1.0
Miomir Kecmanovic,216,104,112,6.601851851851852,7,0.5,0.4,-1,0.4815,1623.8414527149612,1575.8489811433408,0.5077,0.4091,0.4806,
Alejandro Tabilo,107,55,52,9.644859813084112,7,0.4,0.6,-1,0.514,1670.1097374951273,1572.220593410153,0.5455,0.5714,0.4694,
Roger Federer,14,9,5,9.428571428571429,10,0.8,0.8,-1,0.6429,1568.4397641577177,1568.4397641577177,0.6,0.7143,0.5,
Zhizhen Zhang,101,49,52,8.386138613861386,3,0.4,0.0,-1,0.4851,1628.1084199557092,1566.6513431751064,0.5833,0.4286,0.4314,
Marton Fucsovics,160,77,83,8.56875,3,0.2,0.2,-1,0.4812,1643.5847864414793,1565.846419937369,0.4865,0.5714,0.4608,
Roberto Carballes Baena,151,66,85,8.947019867549669,3,0.5,0.4,-1,0.4371,1575.9429166607083,1564.263927822941,0.5,0.2727,0.3704,
Nuno Borges,89,39,50,10.820224719101123,2,0.4,0.4,-1,0.4382,1586.4897205281825,1562.7186444565596,0.5161,0.0,0.4423,
Botic Van De Zandschulp,185,95,90,7.5027027027027025,2,0.4,0.6,0,0.5135,1666.2466412582387,1558.9872498391785,0.5238,0.4737,0.5161,
Darian King,11,9,2,30.0,1,0.8,0.6,1,0.8182,1567.2147480912367,1558.8813970160315,,,0.7778,1.0
Mikael Ymer,107,53,54,8.439252336448599,7,0.5,0.8,-1,0.4953,1599.1224589183155,1558.427098766661,0.4286,0.4615,0.5205,
Nicolas Jarry,120,64,56,8.791666666666666,5,0.3,0.4,-1,0.5333,1682.213178864364,1557.545732209683,0.5862,0.5,0.4815,
Dominik Koepfer,108,48,60,9.787037037037036,0,0.4,0.4,-1,0.4444,1572.6339132504665,1556.4030047414963,0.4375,0.3077,0.4762,
Reilly Opelka,95,49,46,7.526315789473684,3,0.4,0.4,-1,0.5158,1647.183663706201,1555.0787702431214,0.5714,0.4,0.5156,
Sebastian Baez,179,91,88,7.016759776536313,1,0.2,0.0,-1,0.5084,1669.720725377984,1549.2345541202947,0.6476,0.3,0.3125,
Michael Mmoh,42,20,22,15.19047619047619,2,0.6,0.6,0,0.4762,1566.3805841503931,1548.9556166196676,0.375,0.5,0.5,
Dusan Lajovic,163,70,93,8.214723926380367,1,0.4,0.2,-1,0.4294,1611.4826038553144,1547.166613799863,0.4875,0.25,0.3867,
Learner Tien,12,6,6,18.083333333333332,4,0.6,0.6,-1,0.5,1545.8865014829278,1545.8865014829278,,,0.5,
Cristian Garin,139,70,69,9.16546762589928,1,0.4,0.2,0,0.5036,1610.9676721328751,1545.2810327357895,0.557,0.5833,0.3958,
Mohamed Safwat,11,7,4,35.45454545454545,1,0.7,0.8,-1,0.6364,1543.3968361028003,1543.3968361028003,0.8333,,0.3333,0.5
Lorenzo Sonego,217,106,111,6.460829493087558,5,0.3,0.4,-1,0.4885,1615.7687117716118,1543.3811218705869,0.5161,0.5333,0.464,
Tim Van Rijthoven,20,11,9,16.25,0,0.3,0.4,-1,0.55,1608.3415370901712,1541.7009818807362,,0.7273,0.3333,
Hamad Medjedovic,39,21,18,18.974358974358974,4,0.6,0.8,-1,0.5385,1589.3362178534703,1540.7234313354281,0.3889,0.3333,0.7222,
Timofey Skatov,16,8,8,33.3125,0,0.6,0.6,-1,0.5,1559.2976991854673,1540.6673869255471,0.75,,0.25,
Alexander Bublik,227,117,110,6.237885462555066,3,0.2,0.2,-1,0.5154,1691.9391085207874,1540.4641847329863,0.381,0.6591,0.5106,
Borna Gojo,38,19,19,21.473684210526315,0,0.4,0.4,0,0.5,1572.2687358865103,1539.9721296491878,0.3333,0.0,0.5455,
Dominic Stricker,49,24,25,15.306122448979592,4,0.4,0.6,0,0.4898,1592.4602459672699,1539.668721648589,0.4,0.5,0.5161,
John Isner,101,55,46,9.633663366336634,4,0.5,0.4,-1,0.5446,1659.4122675329882,1539.1139109705423,0.6,0.5833,0.5217,
Quentin Halys,70,29,41,14.17142857142857,6,0.5,0.4,0,0.4143,1559.8329768690678,1537.6939479195246,0.5714,0.5455,0.3333,
Zizou Bergs,58,22,36,16.362068965517242,7,0.6,0.6,-1,0.3793,1537.280659754199,1537.280659754199,0.375,0.25,0.3947,
Stan Wawrinka,106,48,58,9.90566037735849,6,0.5,0.6,-1,0.4528,1630.4504340886613,1536.0596707252037,0.4412,0.5,0.4531,
Fabian Marozsan,72,34,38,9.666666666666666,4,0.4,0.4,0,0.4722,1630.0732174277562,1534.8730034258613,0.4737,0.1667,0.5106,
Moez Echargui,4,3,1,37.5,0,1.0,1.0,-1,0.75,1534.738708755077,1534.738708755077,0.0,,1.0,1.0
Rinky Hijikata,64,28,36,12.171875,3,0.6,0.6,-1,0.4375,1552.5116189672262,1534.272539693163,0.1667,0.5,0.4545,
Kamil Majchrzak,46,23,23,15.543478260869565,0,0.6,0.6,-1,0.5,1538.5585914542246,1532.5836903673846,0.4,0.3333,0.5455,
Martin Damm,3,2,1,10.0,2,0.0,0.0,-1,0.6667,1532.4254471440292,1532.4254471440292,,,0.6667,
Thiago Seyboth Wild,65,26,39,12.707692307692307,4,0.4,0.4,-1,0.4,1538.4026936756325,1532.3916456121917,0.4054,0.5,0.375,
Borna Coric,114,60,54,8.807017543859649,2,0.4,0.4,-1,0.5263,1671.6018643185494,1531.7957399756,0.4828,0.2,0.5625,
Alexander Shevchenko,86,38,48,9.069767441860465,3,0.5,0.6,-1,0.4419,1574.5318211523484,1531.1954526162378,0.4286,0.25,0.463,
Antoine Bellier,7,4,3,21.428571428571427,0,0.6666666666666666,0.6,-1,0.5714,1539.6952993060595,1530.0444573475559,,0.75,0.3333,
Pablo Llamas Ruiz,8,4,4,21.375,3,0.5714285714285714,0.6,-1,0.5,1535.0464484396582,1529.6675381173202,0.5,,0.5,
Aleksandar Vukic,92,41,51,10.521739130434783,8,0.6,0.8,-1,0.4457,1567.4732150505206,1529.0604766706106,0.3333,0.5556,0.4355,
Zsombor Piros,12,8,4,37.583333333333336,1,0.6,0.6,2,0.6667,1542.5566840623906,1528.7888661910788,0.75,,0.625,
Gabriel Diallo,26,11,15,22.23076923076923,0,0.6,0.8,-1,0.4231,1535.754014199191,1527.7563500629376,0.0,0.0,0.4783,
Arthur Rinderknech,156,74,82,8.544871794871796,6,0.5,0.6,0,0.4744,1585.3348059308378,1526.8186258240378,0.475,0.3684,0.4948,
Daniel Vallejo,4,3,1,22.5,1,1.0,1.0,-1,0.75,1535.5587132342207,1524.4000793326124,0.5,,,1.0
Billy Harris,15,8,7,13.133333333333333,1,0.5,0.4,-1,0.5333,1555.0897319676164,1524.275944002837,,0.6,0.4,
Gijs Brouwer,27,13,14,18.962962962962962,3,0.4,0.4,-1,0.4815,1575.5943130864757,1524.2049015239595,0.5556,0.375,0.5,
Jerome Kym,3,2,1,42.666666666666664,0,0.0,0.0,-1,0.6667,1524.1723629473345,1524.1723629473345,,,0.6667,
Nam Hoang Ly,4,4,0,22.5,1,1.0,1.0,4,1.0,1534.757199104424,1523.5999923740492,,,1.0,1.0
Yuttana Charoenphon,3,2,1,30.0,1,0.3333333333333333,0.3333333333333333,-1,0.6667,1523.5694842377552,1523.5694842377552,,,1.0,0.5
Andy Murray,127,63,64,9.346456692913385,4,0.4,0.2,-1,0.4961,1651.4099311310852,1523.5075955118978,0.25,0.5714,0.5,
Alexandre Muller,64,27,37,12.03125,2,0.5,0.6,-1,0.4219,1548.5119156255546,1523.285310007728,0.48,0.5,0.3714,
Altug Celikbilek,13,8,5,35.46153846153846,0,0.6,0.6,1,0.6154,1523.3535348272717,1523.2535928508114,0.0,0.0,0.7,1.0
Andres Andrade,3,2,1,30.0,1,0.3333333333333333,0.3333333333333333,-1,0.6667,1523.185691787672,1523.185691787672,1.0,,0.5,
Yu Hsiou Hsu,7,3,4,26.428571428571427,0,0.5,0.6,-1,0.4286,1528.6500958970953,1522.3412636992903,,,0.4286,
Beibit Zhukayev,9,4,5,26.666666666666668,3,0.5,0.6,0,0.4444,1521.8160180483517,1521.8160180483517,,,0.4444,
Ricardas Berankis,58,28,30,14.637931034482758,1,0.6,0.4,1,0.4828,1531.4434097490298,1521.3456993949874,0.2857,0.4286,0.5556,1.0
Filip Misolic,18,9,9,21.0,0,0.4,0.4,-1,0.5,1554.9386121670811,1519.9670553319693,0.5714,,0.25,
Adrian Mannarino,208,101,107,6.846153846153846,6,0.4,0.4,-1,0.4856,1708.445517563741,1518.9735119327172,0.1,0.5526,0.52,
Thiago Agustin Tirante,17,8,9,23.941176470588236,0,0.5,0.6,-1,0.4706,1527.5715066520177,1518.3253256356088,0.5,,0.3333,
Coleman Wong,14,7,7,28.857142857142858,3,0.5,0.6,-1,0.5,1534.5612935037204,1518.165899100677,,0.0,0.5385,
Aristotelis Thanos,4,2,2,52.5,0,0.6666666666666666,0.6666666666666666,0,0.5,1517.1634041163727,1517.1634041163727,1.0,,0.3333,
Alex Knaff,8,6,2,26.25,1,0.7142857142857143,0.6,1,0.75,1534.328450662193,1517.107625654315,0.5,,1.0,1.0
Ignacio Buse,4,2,2,37.5,0,0.6666666666666666,0.6666666666666666,-1,0.5,1528.114946527133,1516.9907616983578,1.0,,0.3333,
Ilya Ivashka,118,62,56,7.61864406779661,4,0.3,0.4,-1,0.5254,1649.647685649574,1516.8824433291825,0.4688,0.5,0.5606,
Andrea Vavassori,21,9,12,23.19047619047619,1,0.4,0.4,-1,0.4286,1527.901215320456,1515.5961904516232,0.4667,0.0,0.5,
Aziz Dougaz,9,5,4,43.22222222222222,1,0.625,0.4,-1,0.5556,1535.1564364034652,1515.2952210874068,0.5,,0.75,0.0
Thiago Monteiro,117,50,67,11.136752136752136,1,0.3,0.2,-1,0.4274,1572.0454875869957,1515.0661789576056,0.459,0.1667,0.4082,1.0
Aslan Karatsev,154,76,78,8.435064935064934,2,0.3,0.4,-1,0.4935,1643.371174108486,1514.8835136967202,0.4889,0.3333,0.5155,
Giles Hussey,2,1,1,15.0,1,0.3333333333333333,0.3333333333333333,0,0.5,1514.3870082336118,1514.3870082336118,,0.5,,
Christopher Oconnell,112,46,66,10.883928571428571,4,0.4,0.4,0,0.4107,1570.8475078789722,1513.4920294270667,0.36,0.4,0.4286,
Fabio Fognini,137,62,75,9.72992700729927,2,0.3,0.2,-1,0.4526,1571.7622967249242,1512.8447830858145,0.5,0.5455,0.3906,
Aisam Ul Haq Qureshi,4,2,2,52.5,0,0.6666666666666666,0.6666666666666666,0,0.5,1512.3999911578462,1512.3999911578462,,0.5,,
Matija Pecotic,2,1,1,15.0,1,0.0,0.0,0,0.5,1512.2147830218528,1512.2147830218528,,,0.5,
N Sriram Balaji,2,1,1,45.0,0,1.0,1.0,0,0.5,1512.0269974625467,1512.0269974625467,,1.0,0.0,
Zura Tkemaladze,3,1,2,30.0,1,,,-1,0.3333,1512.0,1512.0,,,0.0,1.0
Alexandros Skorilas,2,1,1,45.0,0,0.6666666666666666,0.6666666666666666,0,0.5,1512.0,1512.0,,,0.5,
David Jorda Sanchis,2,1,1,15.0,1,0.0,0.0,0,0.5,1512.0,1512.0,0.5,,,
Harry Bourchier,2,1,1,15.0,1,0.0,0.0,0,0.5,1512.0,1512.0,,,0.5,
Hernando Jose Escurra Isnardi,2,1,1,45.0,0,0.6666666666666666,0.6666666666666666,0,0.5,1512.0,1512.0,1.0,,,0.0
Ioannis Xilas,2,1,1,45.0,0,0.3333333333333333,0.3333333333333333,0,0.5,1512.0,1512.0,,,0.5,
Juan Carlos Fuentes Vasquez,2,1,1,45.0,0,0.0,0.0,0,0.5,1512.0,1512.0,0.0,,1.0,
Justin Barki,2,1,1,15.0,1,0.3333333333333333,0.3333333333333333,0,0.5,1512.0,1512.0,,,0.5,
Yuta Shimizu,2,1,1,45.0,0,0.3333333333333333,0.3333333333333333,0,0.5,1512.0,1512.0,,1.0,0.0,
Robert Strombachs,6,3,3,45.0,0,0.6,0.6,0,0.5,1511.936203027307,1511.936203027307,,,0.6,0.0
Pedja Krstin,2,1,1,15.0,1,0.3333333333333333,0.3333333333333333,0,0.5,1511.8213077663822,1511.8213077663822,0.5,,,
Mats Moraing,2,1,1,15.0,1,0.0,0.0,0,0.5,1511.6964050627096,1511.6964050627096,0.5,,,
Cezar Cretu,2,2,0,15.0,1,0.6666666666666666,0.6666666666666666,2,1.0,1511.6679471053226,1511.6679471053226,,,1.0,
Christian Harrison,7,4,3,21.428571428571427,1,0.6666666666666666,0.6,-1,0.5714,1535.6000088421538,1511.6376705726354,0.0,0.5,0.75,
Alvaro Guillen Meza,2,1,1,45.0,0,0.6666666666666666,0.6666666666666666,0,0.5,1511.5432685656713,1511.5432685656713,0.5,,,
Laurynas Grigelis,2,1,1,45.0,0,0.3333333333333333,0.3333333333333333,0,0.5,1511.201328438636,1511.201328438636,,0.0,1.0,
Petr Nesterov,2,1,1,45.0,0,0.6666666666666666,0.6666666666666666,0,0.5,1511.1680135801662,1511.1680135801662,0.0,,1.0,
Conor Gannon,3,1,2,30.0,1,0.6666666666666666,0.6666666666666666,-1,0.3333,1511.143212796064,1511.143212796064,0.3333,,,
Sebastian Ofner,76,33,43,9.947368421052632,2,0.5,0.2,-1,0.4342,1578.141313680493,1511.1122648423316,0.375,0.4167,0.5,
Joao Fonseca,20,12,8,16.6,4,0.7,1.0,6,0.6,1565.4611734679563,1511.104198857243,0.4545,0.0,0.875,
Paul Jubb,7,3,4,15.857142857142858,4,0.5,0.6,-1,0.4286,1522.346874643072,1510.9103390037712,,0.4286,,
Saba Purtseladze,5,2,3,30.0,1,0.5,0.5,-1,0.4,1522.9204812856333,1510.8660906185146,,,0.25,1.0
Pavel Kotov,79,36,43,12.772151898734178,1,0.3,0.2,-1,0.4557,1591.97176323038,1510.8638836067498,0.5312,0.5,0.3953,
Hugo Gaston,89,37,52,13.50561797752809,5,0.4,0.8,-1,0.4157,1571.7906289864839,1510.7293872121286,0.4722,0.5,0.3617,
Yassine Dlimi,4,2,2,37.5,0,0.6666666666666666,0.6666666666666666,0,0.5,1511.1549662210339,1510.478110497751,0.0,,0.6667,
Elmer Moller,6,4,2,45.0,0,0.6,0.6,2,0.6667,1510.3219489692597,1510.3219489692597,1.0,,0.6,
Karlis Ozolins,4,2,2,22.5,1,0.6666666666666666,0.6666666666666666,0,0.5,1511.984053787465,1510.2966460172643,,,0.5,0.5
Ryan Peniston,13,6,7,13.692307692307692,3,0.4,0.2,-1,0.4615,1547.3918442099978,1510.1974267266514,,0.5,0.0,
Kasidit Samrej,6,3,3,25.0,1,0.6,0.6,-1,0.5,1523.5305588123042,1510.179876674769,,,0.75,0.0
Rio Noguchi,2,1,1,15.0,1,0.3333333333333333,0.3333333333333333,0,0.5,1510.1582056580867,1510.1582056580867,,,0.5,
Lukas Lacko,2,1,1,15.0,1,0.3333333333333333,0.3333333333333333,0,0.5,1509.6542364091747,1509.6542364091747,,0.5,,
Joaquin  Aguilar Cardozo ,4,2,2,37.5,0,0.6666666666666666,0.6666666666666666,0,0.5,1512.008867342589,1509.4698195599146,0.5,,,
Blaise Bicknell,7,5,2,30.0,1,0.6666666666666666,0.6,1,0.7143,1521.2991047622384,1508.5494758056668,0.3333,,1.0,1.0
Matheus Pucinelli De Almeida,4,3,1,37.5,0,0.6666666666666666,0.6666666666666666,0,0.75,1521.188743913566,1507.6841273776095,0.6667,,,1.0
Alejandro Moro Canas,3,1,2,30.0,0,0.3333333333333333,0.3333333333333333,-1,0.3333,1513.4760209648975,1507.542029414898,0.5,0.0,,
Chris Rodesch,7,4,3,30.0,1,0.6666666666666666,0.6,-1,0.5714,1520.4726419944502,1507.3787966024336,0.5,,0.5,1.0
Kaichi Uchida,5,2,3,30.6,2,0.5,0.5,-1,0.4,1512.9619071259676,1506.9267202027231,,1.0,0.25,
Yibing Wu,36,17,19,12.444444444444445,3,0.4,0.4,0,0.4722,1588.404357872579,1506.3086377806562,0.3333,0.2,0.5909,
Mackenzie Mcdonald,170,82,88,7.723529411764706,1,0.3,0.2,0,0.4824,1635.197414979655,1506.1939717662142,0.2632,0.48,0.5159,
Zdenek Kolar,3,1,2,21.666666666666668,0,0.0,0.0,-1,0.3333,1509.6683283111238,1505.8598619811185,0.5,0.0,,
Benjamin Hassan,16,7,9,31.5625,0,0.5,0.6,0,0.4375,1505.036655598964,1505.036655598964,0.5556,,0.2,0.5
Laslo Djere,184,90,94,7.679347826086956,5,0.6,0.8,-1,0.4891,1637.4310402568442,1504.3183069077645,0.5402,0.375,0.4568,
Facundo Diaz Acosta,40,18,22,13.675,1,0.4,0.2,-1,0.45,1561.2427663360384,1503.953920136279,0.5714,0.0,0.1818,
Gabi Adrian Boitan,3,1,2,30.0,1,0.0,0.0,-1,0.3333,1503.7933632835702,1503.7933632835702,0.0,,0.5,
Philip Sekulic,3,1,2,14.0,2,0.6666666666666666,0.6666666666666666,-1,0.3333,1511.2173167954834,1503.5108423950198,,,0.3333,
Francisco Comesana,11,4,7,15.181818181818182,3,0.4,0.4,0,0.3636,1502.984438120922,1502.984438120922,0.0,0.6667,0.5,
Otto Virtanen,24,10,14,27.25,1,0.4,0.2,-1,0.4167,1518.5666047597629,1502.7622834055992,0.0,0.5,0.45,
Ugo Blanchet,3,1,2,30.0,1,0.3333333333333333,0.3333333333333333,-1,0.3333,1502.4149431825256,1502.4149431825256,0.5,,0.0,
Ivan Gakhov,4,1,3,37.5,0,0.3333333333333333,0.3333333333333333,-1,0.25,1503.6473178699262,1502.2616353693245,0.25,,,
Mario Vilella Martinez,9,4,5,22.77777777777778,1,0.5,0.4,-1,0.4444,1524.0,1502.0276234239943,0.4,,0.5,
Christopher Eubanks,86,37,49,11.372093023255815,5,0.5,0.6,-1,0.4302,1613.3548299968038,1501.973374677408,0.1111,0.6087,0.4074,
Adria Soriano Barrera,3,1,2,30.0,0,0.6666666666666666,0.6666666666666666,-1,0.3333,1501.8082639631048,1501.8082639631048,0.5,,0.0,
Michael Geerts,3,1,2,40.0,0,0.3333333333333333,0.3333333333333333,-1,0.3333,1511.2411833029842,1501.6380228316602,1.0,,0.0,
Nicholas David Ionel,5,2,3,30.0,0,0.5,0.5,-1,0.4,1509.6972413552044,1501.4883458464244,0.5,,0.0,0.5
Filip Horansky,3,1,2,30.0,1,0.6666666666666666,0.6666666666666666,-1,0.3333,1501.4480352942944,1501.4480352942944,0.0,,0.5,
Matej Dodig,3,2,1,27.666666666666668,0,0.6666666666666666,0.6666666666666666,1,0.6667,1510.6067433687972,1501.3992331998145,0.5,,1.0,
Alex Bolt,24,10,14,21.083333333333332,3,0.4,0.6,0,0.4167,1525.1332853576814,1501.3483505147328,,0.375,0.4375,
Luciano Darderi,54,26,28,7.111111111111111,4,0.1,0.2,-1,0.4815,1608.888190466346,1501.3057243256503,0.6471,0.4,0.1333,
Patrick Kypson,8,3,5,20.875,2,0.42857142857142855,0.6,-1,0.375,1505.5279638692218,1500.9847835999356,0.0,,0.5,
Nicolas Alvarez Varona,3,1,2,30.0,1,0.3333333333333333,0.3333333333333333,-1,0.3333,1500.961707358949,1500.961707358949,0.0,,0.5,
Simon Carr,3,1,2,30.0,0,0.0,0.0,-1,0.3333,1512.0,1500.799161220194,,,0.5,0.0
Nick Hardt,7,3,4,30.0,0,0.5,0.4,-1,0.4286,1511.5217929101798,1500.781924865767,0.3333,,0.5,
Hady Habib,8,4,4,47.125,0,0.42857142857142855,0.4,0,0.5,1512.3999911578462,1500.5023564367905,0.4,,1.0,0.0
Viacheslav Bielinskyi,3,1,2,50.0,0,0.6666666666666666,0.6666666666666666,-1,0.3333,1500.4755551633655,1500.4755551633655,,,0.0,1.0
Ergi Kirkin,3,2,1,50.0,0,0.6666666666666666,0.6666666666666666,1,0.6667,1500.414300586377,1500.414300586377,,,0.5,1.0
Riccardo Bonadio,3,1,2,21.666666666666668,0,0.3333333333333333,0.3333333333333333,-1,0.3333,1511.2600721998929,1500.3321361434857,0.3333,,,
Manuel Guinard,10,4,6,19.2,0,0.4444444444444444,0.4,-1,0.4,1509.1038486606008,1500.2898555444692,0.4,,0.4,
Nicolas Barrientos,3,1,2,45.666666666666664,0,0.3333333333333333,0.3333333333333333,-1,0.3333,1500.0167504999954,1500.0167504999954,0.5,,0.0,
Genaro Alberto Olivieri,3,2,1,10.0,2,0.0,0.0,-1,0.6667,1524.2770803914475,1500.0,0.6667,,,
Nishesh Basavareddy,3,1,2,10.0,2,0.0,0.0,-1,0.3333,1501.7252832036204,1500.0,,,0.3333,
Alexander Erler,2,1,1,15.0,1,0.3333333333333333,0.3333333333333333,0,0.5,1514.2231270453924,1500.0,0.5,,,
Andrew Harris,2,1,1,15.0,1,1.0,1.0,0,0.5,1512.0,1500.0,,,0.5,
Bernard Tomic,2,1,1,15.0,1,0.6666666666666666,0.6666666666666666,0,0.5,1511.9856905714691,1500.0,,,0.5,
Clement Mainguy,2,0,2,15.0,1,0.6666666666666666,0.6666666666666666,-1,0.0,1500.0,1500.0,,,,0.0
Colin Sinclair,2,1,1,15.0,1,0.6666666666666666,0.6666666666666666,0,0.5,1511.1733679181373,1500.0,,,,0.5
Daniil Ostapenkov,2,1,1,15.0,1,1.0,1.0,0,0.5,1515.0379685656108,1500.0,0.5,,,
David Agung Susanto,2,0,2,15.0,1,1.0,1.0,-1,0.0,1500.0,1500.0,,0.0,,
Jacopo Berrettini,2,1,1,15.0,1,0.0,0.0,0,0.5,1510.9156454484867,1500.0,,,0.5,
Juan Pablo Ficovich,2,1,1,15.0,1,0.6666666666666666,0.6666666666666666,0,0.5,1511.4041887078224,1500.0,0.5,,,
Justin Engel,2,1,1,15.0,1,0.3333333333333333,0.3333333333333333,0,0.5,1512.6268567994523,1500.0,,,0.5,
Komlavi Loglo,2,1,1,15.0,1,0.3333333333333333,0.3333333333333333,0,0.5,1500.0,1500.0,,,0.5,
Mousa Alkotop,2,1,1,15.0,1,0.0,0.0,0,0.5,1512.0,1500.0,,,,0.5
Olaf Pieczkowski,2,2,0,15.0,1,0.0,0.0,2,1.0,1512.0,1500.0,,,1.0,
Oliver Ojakaar,2,2,0,15.0,1,0.6666666666666666,0.6666666666666666,2,1.0,1512.0,1500.0,1.0,,,
Peter Bertran,2,1,1,15.0,1,1.0,1.0,0,0.5,1500.0,1500.0,,,0.5,
Sina Moghimi,2,1,1,15.0,1,0.0,0.0,0,0.5,1510.736619052666,1500.0,0.5,,,
Tristan Lamasine,2,1,1,15.0,1,0.0,0.0,0,0.5,1512.0,1500.0,,,0.5,
Adam Neff,1,0,1,30.0,0,0.0,0.0,-1,0.0,1500.0,1500.0,,,0.0,
Adolfo Daniel Vallejo,1,0,1,30.0,0,0.6666666666666666,0.6666666666666666,-1,0.0,1500.0,1500.0,0.0,,,
Ainius Sabaliauskas,1,1,0,30.0,0,0.6666666666666666,0.6666666666666666,1,1.0,1500.0,1500.0,,,1.0,
Alejandro Gonzalez,1,0,1,30.0,0,0.3333333333333333,0.3333333333333333,-1,0.0,1500.0,1500.0,,,0.0,
Alex Rybakov,1,0,1,30.0,0,0.6666666666666666,0.6666666666666666,-1,0.0,1500.0,1500.0,,,0.0,
Alexander Sarkissian,1,0,1,30.0,0,0.0,0.0,-1,0.0,1500.0,1500.0,,,0.0,
Alexander Zgirovsky,1,0,1,30.0,0,0.3333333333333333,0.3333333333333333,-1,0.0,1500.0,1500.0,0.0,,,
Alexis Klegou,1,0,1,30.0,0,0.3333333333333333,0.3333333333333333,-1,0.0,1500.0,1500.0,,,0.0,
Alvaro Lopez San Martin,1,0,1,30.0,0,0.6666666666666666,0.6666666666666666,-1,0.0,1500.0,1500.0,0.0,,,
Amir Milushev,1,0,1,30.0,0,0.6666666666666666,0.6666666666666666,-1,0.0,1500.0,1500.0,,,0.0,
Andrea Arnaboldi,1,0,1,30.0,0,0.3333333333333333,0.3333333333333333,-1,0.0,1500.0,1500.0,,,0.0,
Andrea Pellegrino,1,0,1,30.0,0,0.3333333333333333,0.3333333333333333,-1,0.0,1500.0,1500.0,0.0,,,
Andreja Petrovic,1,0,1,30.0,0,0.3333333333333333,0.3333333333333333,-1,0.0,1500.0,1500.0,,,0.0,
Antoine Escoffier,1,0,1,30.0,0,0.3333333333333333,0.3333333333333333,-1,0.0,1500.0,1500.0,,,0.0,
Arjun Kadhe,1,0,1,30.0,0,0.3333333333333333,0.3333333333333333,-1,0.0,1500.0,1500.0,,,0.0,
Arklon Huertas Del Pino,1,1,0,30.0,0,0.3333333333333333,0.3333333333333333,1,1.0,1500.0,1500.0,,,,1.0
Benedict Badza,1,1,0,30.0,0,0.3333333333333333,0.3333333333333333,1,1.0,1500.0,1500.0,,,1.0,
Blake Mott,1,0,1,30.0,0,0.3333333333333333,0.3333333333333333,-1,0.0,1500.0,1500.0,,,0.0,
Boris Arias,1,1,0,30.0,0,0.6666666666666666,0.6666666666666666,1,1.0,1500.0,1500.0,1.0,,,
Brandon Perez,1,0,1,30.0,0,0.0,0.0,-1,0.0,1500.0,1500.0,,,0.0,
Branko Djuric,1,0,1,30.0,0,0.0,0.0,-1,0.0,1500.0,1500.0,,,0.0,
Caleb Chakravarthi,1,0,1,30.0,0,1.0,1.0,-1,0.0,1500.0,1500.0,,,0.0,
Calvin Hemery,1,0,1,30.0,0,1.0,1.0,-1,0.0,1500.0,1500.0,,,0.0,
Carlos Gimeno Valero,1,0,1,30.0,0,0.3333333333333333,0.3333333333333333,-1,0.0,1500.0,1500.0,0.0,,,
Cayetano March,1,0,1,30.0,0,0.3333333333333333,0.3333333333333333,-1,0.0,1500.0,1500.0,,,0.0,
Chak Lam Coleman Wong,1,0,1,30.0,0,0.6666666666666666,0.6666666666666666,-1,0.0,1500.0,1500.0,,,0.0,
Christopher Rungkat,1,1,0,30.0,0,0.0,0.0,1,1.0,1500.0,1500.0,,,,1.0
Clement Chidekh,1,0,1,30.0,0,0.6666666666666666,0.6666666666666666,-1,0.0,1500.0,1500.0,,,0.0,
Conner Huertas Del Pino,1,1,0,30.0,0,0.6666666666666666,0.6666666666666666,1,1.0,1500.0,1500.0,,,,1.0
Courtney John Lock,1,0,1,30.0,0,0.3333333333333333,0.3333333333333333,-1,0.0,1500.0,1500.0,,,0.0,
Dac Tien Nguyen,1,0,1,30.0,0,0.3333333333333333,0.3333333333333333,-1,0.0,1500.0,1500.0,,,,0.0
Daniel Azar,1,0,1,30.0,0,0.0,0.0,-1,0.0,1500.0,1500.0,0.0,,,
Daniel Dutra Da Silva,1,0,1,30.0,0,0.3333333333333333,0.3333333333333333,-1,0.0,1500.0,1500.0,0.0,,,
Daniel Masur,1,0,1,30.0,0,1.0,1.0,-1,0.0,1500.0,1500.0,,0.0,,
Daniil Glinka,1,0,1,30.0,0,1.0,1.0,-1,0.0,1500.0,1500.0,,,0.0,
Danilo Petrovic,1,0,1,30.0,0,1.0,1.0,-1,0.0,1500.0,1500.0,0.0,,,
Delmas Ntcha,1,0,1,30.0,0,0.0,0.0,-1,0.0,1500.0,1500.0,,,0.0,
Demetris Azoides,1,1,0,30.0,0,0.0,0.0,1,1.0,1500.0,1500.0,,,1.0,
Devin Badenhorst,1,0,1,30.0,0,0.6666666666666666,0.6666666666666666,-1,0.0,1500.0,1500.0,,,,0.0
Diego Fernandez Flores,1,1,0,30.0,0,0.6666666666666666,0.6666666666666666,1,1.0,1500.0,1500.0,1.0,,,
Digvijaypratap Singh,1,1,0,30.0,0,0.6666666666666666,0.6666666666666666,1,1.0,1500.0,1500.0,,,1.0,
Dimitri Badra,1,0,1,30.0,0,0.3333333333333333,0.3333333333333333,-1,0.0,1500.0,1500.0,,,0.0,
Donald Young,1,0,1,30.0,0,0.0,0.0,-1,0.0,1500.0,1500.0,,,0.0,
Dustin Brown,1,0,1,30.0,0,0.3333333333333333,0.3333333333333333,-1,0.0,1500.0,1500.0,,0.0,,
Edgars Manusis,1,0,1,30.0,0,0.3333333333333333,0.3333333333333333,-1,0.0,1500.0,1500.0,,,0.0,
Erik Arutiunian,1,0,1,30.0,0,0.6666666666666666,0.6666666666666666,-1,0.0,1500.0,1500.0,0.0,,,
Evan Furness,1,0,1,30.0,0,0.3333333333333333,0.3333333333333333,-1,0.0,1500.0,1500.0,,,0.0,
Evgenii Tiurnev,1,0,1,30.0,0,0.3333333333333333,0.3333333333333333,-1,0.0,1500.0,1500.0,,,0.0,
Facundo Mena,1,0,1,30.0,0,0.3333333333333333,0.3333333333333333,-1,0.0,1500.0,1500.0,,,0.0,
Faris Zakaryia,1,0,1,30.0,0,0.3333333333333333,0.3333333333333333,-1,0.0,1500.0,1500.0,0.0,,,
Federico Zeballos,1,0,1,30.0,0,0.6666666666666666,0.6666666666666666,-1,0.0,1500.0,1500.0,,,0.0,
Finn Reynolds,1,0,1,30.0,0,0.3333333333333333,0.3333333333333333,-1,0.0,1500.0,1500.0,,0.0,,
Francesco Maestrelli,1,0,1,30.0,0,0.3333333333333333,0.3333333333333333,-1,0.0,1500.0,1500.0,,,0.0,
Francisco Cabral,1,0,1,30.0,0,0.6666666666666666,0.6666666666666666,-1,0.0,1500.0,1500.0,0.0,,,
Francisco Llanes,1,0,1,30.0,0,0.6666666666666666,0.6666666666666666,-1,0.0,1500.0,1500.0,0.0,,,
Freddy Murray,1,1,0,30.0,0,0.0,0.0,1,1.0,1500.0,1500.0,1.0,,,
Gastao Elias,1,0,1,30.0,0,0.0,0.0,-1,0.0,1500.0,1500.0,,,0.0,
Gillian Osmont,1,0,1,30.0,0,0.3333333333333333,0.3333333333333333,-1,0.0,1500.0,1500.0,,,0.0,
Gonzalo Escobar,1,1,0,30.0,0,0.3333333333333333,0.3333333333333333,1,1.0,1500.0,1500.0,,,1.0,
Gonzalo Villanueva,1,0,1,30.0,0,0.3333333333333333,0.3333333333333333,-1,0.0,1500.0,1500.0,,,0.0,
Hamid Reza Nadaf,1,0,1,30.0,0,0.6666666666666666,0.6666666666666666,-1,0.0,1500.0,1500.0,0.0,,,
Hamza Karmoussi,1,0,1,30.0,0,0.6666666666666666,0.6666666666666666,-1,0.0,1500.0,1500.0,,,0.0,
Hernan Casanova,1,0,1,30.0,0,0.6666666666666666,0.6666666666666666,-1,0.0,1500.0,1500.0,0.0,,,
Heve Kelley,1,0,1,30.0,0,0.6666666666666666,0.6666666666666666,-1,0.0,1500.0,1500.0,,,0.0,
Iliyan Radulov,1,1,0,30.0,0,0.6666666666666666,0.6666666666666666,1,1.0,1500.0,1500.0,1.0,,,
Illia Biloborodko,1,0,1,30.0,0,0.6666666666666666,0.6666666666666666,-1,0.0,1500.0,1500.0,,,0.0,
Isaac Becroft,1,0,1,30.0,0,0.3333333333333333,0.3333333333333333,-1,0.0,1500.0,1500.0,,,0.0,
Jack Cheng,1,0,1,30.0,0,0.6666666666666666,0.6666666666666666,-1,0.0,1500.0,1500.0,,,0.0,
Jack Loutit,1,1,0,30.0,0,0.6666666666666666,0.6666666666666666,1,1.0,1500.0,1500.0,,,1.0,
Jacob Bicknell,1,0,1,30.0,0,0.3333333333333333,0.3333333333333333,-1,0.0,1500.0,1500.0,,,,0.0
James Ward,1,0,1,30.0,0,0.3333333333333333,0.3333333333333333,-1,0.0,1500.0,1500.0,,0.0,,
Jan Zielinski,1,0,1,30.0,0,1.0,1.0,-1,0.0,1500.0,1500.0,,,0.0,
Javier Barranco Cosano,1,0,1,30.0,0,0.0,0.0,-1,0.0,1500.0,1500.0,0.0,,,
Jc Aragone,1,0,1,30.0,0,0.6666666666666666,0.6666666666666666,-1,0.0,1500.0,1500.0,,,0.0,
Jesse Flores,1,0,1,30.0,0,0.3333333333333333,0.3333333333333333,-1,0.0,1500.0,1500.0,,,0.0,
Johannes Seeman,1,1,0,30.0,0,0.6666666666666666,0.6666666666666666,1,1.0,1500.0,1500.0,,,,1.0
Joris De Loore,1,0,1,30.0,0,0.6666666666666666,0.6666666666666666,-1,0.0,1500.0,1500.0,,,0.0,
Jose  Flores,1,0,1,30.0,0,0.6666666666666666,0.6666666666666666,-1,0.0,1500.0,1500.0,0.0,,,
Juan Borba,1,0,1,30.0,0,0.0,0.0,-1,0.0,1500.0,1500.0,,,,0.0
Juan Martin del Potro,1,0,1,30.0,0,0.6666666666666666,0.6666666666666666,-1,0.0,1500.0,1500.0,0.0,,,
Karam Hatamleh,1,0,1,30.0,0,1.0,1.0,-1,0.0,1500.0,1500.0,,,,0.0
Kenneth Raisma,1,0,1,30.0,0,0.6666666666666666,0.6666666666666666,-1,0.0,1500.0,1500.0,,,,0.0
Kevin King,1,0,1,30.0,0,0.0,0.0,-1,0.0,1500.0,1500.0,,,0.0,
Kevin Krawietz,1,0,1,30.0,0,0.0,0.0,-1,0.0,1500.0,1500.0,,,0.0,
Kwok Shun Dasson Chan,1,0,1,30.0,0,0.6666666666666666,0.6666666666666666,-1,0.0,1500.0,1500.0,,,0.0,
Kyrian Jacquet,1,0,1,30.0,0,0.0,0.0,-1,0.0,1500.0,1500.0,,,0.0,
Leonardo Mayer,1,0,1,30.0,0,0.0,0.0,-1,0.0,1500.0,1500.0,0.0,,,
Liam Krall,1,0,1,30.0,0,0.6666666666666666,0.6666666666666666,-1,0.0,1500.0,1500.0,,,0.0,
Liova Ayite Ajavon,1,1,0,30.0,0,0.6666666666666666,0.6666666666666666,1,1.0,1500.0,1500.0,,,1.0,
Lleyton Cronje,1,0,1,30.0,0,0.6666666666666666,0.6666666666666666,-1,0.0,1500.0,1500.0,0.0,,,
Lluis Miralles,1,0,1,30.0,0,1.0,1.0,-1,0.0,1500.0,1500.0,,,0.0,
Louis Wessels,1,0,1,30.0,0,0.3333333333333333,0.3333333333333333,-1,0.0,1500.0,1500.0,,0.0,,
Luca Preda,1,0,1,30.0,0,0.0,0.0,-1,0.0,1500.0,1500.0,,,0.0,
Lucas Miedler,1,1,0,30.0,0,0.3333333333333333,0.3333333333333333,1,1.0,1500.0,1500.0,,,1.0,
Lucky Candra Kurniawan,1,0,1,30.0,0,0.3333333333333333,0.3333333333333333,-1,0.0,1500.0,1500.0,,,0.0,
Luis Carlos Alvarez Valdes,1,1,0,30.0,0,0.3333333333333333,0.3333333333333333,1,1.0,1500.0,1500.0,1.0,,,
Luis Patino,1,0,1,30.0,0,0.3333333333333333,0.3333333333333333,-1,0.0,1500.0,1500.0,,,0.0,
Luka Mikrut,1,0,1,30.0,0,0.3333333333333333,0.3333333333333333,-1,0.0,1500.0,1500.0,0.0,,,
Lukas Hellum Lilleengen,1,0,1,30.0,0,0.3333333333333333,0.3333333333333333,-1,0.0,1500.0,1500.0,,,0.0,
Lukas Pokorny,1,1,0,30.0,0,0.3333333333333333,0.3333333333333333,1,1.0,1500.0,1500.0,1.0,,,
Mahammad Abid,1,0,1,30.0,0,0.3333333333333333,0.3333333333333333,-1,0.0,1500.0,1500.0,,,,0.0
Manas Dhamne,1,0,1,30.0,0,0.6666666666666666,0.6666666666666666,-1,0.0,1500.0,1500.0,,,0.0,
Marcelo Demoliner,1,0,1,30.0,0,0.3333333333333333,0.3333333333333333,-1,0.0,1500.0,1500.0,,,0.0,
Marcos Lee Chan Baratau,1,0,1,30.0,0,0.3333333333333333,0.3333333333333333,-1,0.0,1500.0,1500.0,,,0.0,
Marsel Ilhan,1,0,1,30.0,0,0.0,0.0,-1,0.0,1500.0,1500.0,,,0.0,
Martyn Pawelski,1,1,0,30.0,0,0.3333333333333333,0.3333333333333333,1,1.0,1500.0,1500.0,,,1.0,
Matavao Fanguna,1,0,1,30.0,0,0.3333333333333333,0.3333333333333333,-1,0.0,1500.0,1500.0,,,0.0,
Mateus Alves,1,0,1,30.0,0,0.6666666666666666,0.6666666666666666,-1,0.0,1500.0,1500.0,0.0,,,
Matthew Forbes,1,0,1,30.0,0,0.0,0.0,-1,0.0,1500.0,1500.0,,,0.0,
Matthew Foster Estwick,1,0,1,30.0,0,0.0,0.0,-1,0.0,1500.0,1500.0,,,0.0,
Matthias Bachinger,1,0,1,30.0,0,0.0,0.0,-1,0.0,1500.0,1500.0,,,0.0,
Mattias Siimar,1,0,1,30.0,0,0.0,0.0,-1,0.0,1500.0,1500.0,,,0.0,
Matwe Middelkoop,1,1,0,30.0,0,0.0,0.0,1,1.0,1500.0,1500.0,,,1.0,
Maxim Shin,1,0,1,30.0,0,0.3333333333333333,0.3333333333333333,-1,0.0,1500.0,1500.0,,,0.0,
Maxime Janvier,1,0,1,30.0,0,0.0,0.0,-1,0.0,1500.0,1500.0,,0.0,,
Maximus Jones,1,0,1,30.0,0,0.3333333333333333,0.3333333333333333,-1,0.0,1500.0,1500.0,0.0,,,
Mehluli Don Ayanda Sibanda,1,0,1,30.0,0,0.3333333333333333,0.3333333333333333,-1,0.0,1500.0,1500.0,0.0,,,
Michael Vrbensky,1,0,1,30.0,0,0.0,0.0,-1,0.0,1500.0,1500.0,,,0.0,
Min Kyu Song,1,0,1,30.0,0,0.6666666666666666,0.6666666666666666,-1,0.0,1500.0,1500.0,,,0.0,
Minhtuan Pham,1,0,1,30.0,0,0.6666666666666666,0.6666666666666666,-1,0.0,1500.0,1500.0,,,,0.0
Mischa Zverev,1,0,1,30.0,0,0.0,0.0,-1,0.0,1500.0,1500.0,,,0.0,
Mubarak Shannan Zayid,1,0,1,30.0,0,0.0,0.0,-1,0.0,1500.0,1500.0,,,0.0,
Mustapha El Natour,1,1,0,30.0,0,1.0,1.0,1,1.0,1500.0,1500.0,1.0,,,
Nathan Anthony Barki,1,0,1,30.0,0,0.3333333333333333,0.3333333333333333,-1,0.0,1500.0,1500.0,,,0.0,
Nicolas Mahut,1,1,0,30.0,0,0.0,0.0,1,1.0,1500.0,1500.0,,,1.0,
Niki Kaliyanda Poonacha,1,1,0,30.0,0,0.3333333333333333,0.3333333333333333,1,1.0,1500.0,1500.0,,1.0,,
Nikolas Sanchez Izquierdo,1,0,1,30.0,0,0.6666666666666666,0.6666666666666666,-1,0.0,1500.0,1500.0,0.0,,,
Omar Jasika,1,0,1,30.0,0,0.6666666666666666,0.6666666666666666,-1,0.0,1500.0,1500.0,,,0.0,
Orel Kimhi,1,0,1,30.0,0,0.3333333333333333,0.3333333333333333,-1,0.0,1500.0,1500.0,,,0.0,
Oriol Roca Batalla,1,0,1,30.0,0,0.3333333333333333,0.3333333333333333,-1,0.0,1500.0,1500.0,0.0,,,
Orlando Luz,1,1,0,30.0,0,0.3333333333333333,0.3333333333333333,1,1.0,1500.0,1500.0,1.0,,,
Patrick Kaukovalta,1,0,1,30.0,0,0.3333333333333333,0.3333333333333333,-1,0.0,1500.0,1500.0,,,0.0,
Patrik Niklas Salminen,1,0,1,30.0,0,0.3333333333333333,0.3333333333333333,-1,0.0,1500.0,1500.0,,,0.0,
Philip Hjorth,1,0,1,30.0,0,0.6666666666666666,0.6666666666666666,-1,0.0,1500.0,1500.0,,,0.0,
Raphael Calzi,1,1,0,30.0,0,0.6666666666666666,0.6666666666666666,1,1.0,1500.0,1500.0,,,,1.0
Raul Brancaccio,1,0,1,30.0,0,0.6666666666666666,0.6666666666666666,-1,0.0,1500.0,1500.0,0.0,,,
Raul Garcia,1,0,1,30.0,0,0.6666666666666666,0.6666666666666666,-1,0.0,1500.0,1500.0,,,,0.0
Remy Bertola,1,1,0,30.0,0,0.6666666666666666,0.6666666666666666,1,1.0,1500.0,1500.0,,,1.0,
Ricardo Rodriguez,1,0,1,30.0,0,0.3333333333333333,0.3333333333333333,-1,0.0,1500.0,1500.0,,,0.0,
Rodrigo Crespo Piedra,1,0,1,30.0,0,0.0,0.0,-1,0.0,1500.0,1500.0,,,0.0,
Roey Tabet,1,0,1,30.0,0,0.3333333333333333,0.3333333333333333,-1,0.0,1500.0,1500.0,0.0,,,
Romain Arneodo,1,1,0,30.0,0,0.3333333333333333,0.3333333333333333,1,1.0,1500.0,1500.0,1.0,,,
Ruan Roelofse,1,1,0,30.0,0,0.3333333333333333,0.3333333333333333,1,1.0,1500.0,1500.0,,,1.0,
Ryan Harrison,1,0,1,30.0,0,0.6666666666666666,0.6666666666666666,-1,0.0,1500.0,1500.0,,,0.0,
Sam Riffice,1,0,1,30.0,0,0.3333333333333333,0.3333333333333333,-1,0.0,1500.0,1500.0,,,0.0,
Sandro Ehrat,1,0,1,30.0,0,0.3333333333333333,0.3333333333333333,-1,0.0,1500.0,1500.0,0.0,,,
Santiago Fa Rodriguez Taverna,1,0,1,30.0,0,0.3333333333333333,0.3333333333333333,-1,0.0,1500.0,1500.0,0.0,,,
Sebastian Fanselow,1,0,1,30.0,0,1.0,1.0,-1,0.0,1500.0,1500.0,0.0,,,
Siddharth Vishwakarma,1,0,1,30.0,0,0.0,0.0,-1,0.0,1500.0,1500.0,,,0.0,
Siim Troost,1,0,1,30.0,0,0.0,0.0,-1,0.0,1500.0,1500.0,,,0.0,
Sylvestre Monnou,1,1,0,30.0,0,0.6666666666666666,0.6666666666666666,1,1.0,1500.0,1500.0,,,1.0,
Tao Mu,1,0,1,30.0,0,0.3333333333333333,0.3333333333333333,-1,0.0,1500.0,1500.0,,,0.0,
Tegar Abdi Satrio Wibowo,1,0,1,30.0,0,0.3333333333333333,0.3333333333333333,-1,0.0,1500.0,1500.0,,,0.0,
Thabo Ncube,1,0,1,30.0,0,0.3333333333333333,0.3333333333333333,-1,0.0,1500.0,1500.0,0.0,,,
Thanapet Chanta,1,0,1,30.0,0,0.3333333333333333,0.3333333333333333,-1,0.0,1500.0,1500.0,0.0,,,
Theo Papamalamis,1,0,1,30.0,0,0.3333333333333333,0.3333333333333333,-1,0.0,1500.0,1500.0,,,0.0,
Thomas Fancutt,1,0,1,30.0,0,0.6666666666666666,0.6666666666666666,-1,0.0,1500.0,1500.0,,,0.0,
Tom Kocevar Desman,1,1,0,30.0,0,0.0,0.0,1,1.0,1500.0,1500.0,1.0,,,
Tommy Robredo,1,0,1,30.0,0,0.0,0.0,-1,0.0,1500.0,1500.0,0.0,,,
Trent Bryde,1,0,1,30.0,0,0.0,0.0,-1,0.0,1500.0,1500.0,,,0.0,
Vladimir Ivanov,1,0,1,30.0,0,0.3333333333333333,0.3333333333333333,-1,0.0,1500.0,1500.0,,,0.0,
Walid Ahouda,1,0,1,30.0,0,0.3333333333333333,0.3333333333333333,-1,0.0,1500.0,1500.0,,,0.0,
William Blumberg,1,0,1,30.0,0,0.3333333333333333,0.3333333333333333,-1,0.0,1500.0,1500.0,,0.0,,
Wojciech Marek,1,0,1,30.0,0,0.3333333333333333,0.3333333333333333,-1,0.0,1500.0,1500.0,,,0.0,
Ye Cong Mo,1,0,1,30.0,0,0.3333333333333333,0.3333333333333333,-1,0.0,1500.0,1500.0,,,0.0,
Yousaf Khalil,1,0,1,30.0,0,0.0,0.0,-1,0.0,1500.0,1500.0,,,0.0,
Zhe Li,1,0,1,30.0,0,0.0,0.0,-1,0.0,1500.0,1500.0,,,0.0,
Ki Lung Ng,3,1,2,50.0,0,0.0,0.0,-1,0.3333,1500.0,1499.9851594895667,,,0.3333,
Philip Henning,6,2,4,35.0,1,0.4,0.4,-1,0.3333,1512.0,1499.9735381970345,0.0,,0.6667,
Martin Cuevas,3,1,2,30.0,1,0.0,0.0,-1,0.3333,1500.0,1499.898529556714,0.3333,,,
Omni Kumar,5,2,3,22.2,0,0.5,0.5,-1,0.4,1513.6420269130087,1499.7425531819558,,,0.4,
Roberto Marcora,3,1,2,30.0,0,0.6666666666666666,0.6666666666666666,-1,0.3333,1512.0,1499.6541958196394,,,0.3333,
Alastair Gray,3,1,2,30.0,1,0.3333333333333333,0.3333333333333333,-1,0.3333,1500.0,1499.6466131775564,,0.3333,,
Jeremy Chardy,43,21,22,10.627906976744185,0,0.4,0.2,-1,0.4884,1576.85900688937,1499.6366095907977,0.3333,0.2,0.6154,
Alan Fernando Rubio Fierros,3,1,2,30.0,1,0.3333333333333333,0.3333333333333333,-1,0.3333,1500.0,1499.626970246771,0.0,,0.5,
Jacob Fearnley,5,2,3,19.4,1,0.5,0.5,-1,0.4,1511.144911704086,1499.5782369507285,,0.3333,0.5,
Yanki Erel,3,1,2,50.0,0,0.3333333333333333,0.3333333333333333,-1,0.3333,1500.0,1499.5670628930986,0.0,,1.0,
Federico Agustin Gomez,3,1,2,30.0,1,0.3333333333333333,0.3333333333333333,-1,0.3333,1500.0,1499.5492502426039,0.0,,0.5,
Aleksandre Bakshi,4,3,1,37.5,1,0.6666666666666666,0.6666666666666666,2,0.75,1510.6749051684508,1499.491798823621,,,0.6667,1.0
Matthew Ebden,13,6,7,19.384615384615383,0,0.5,0.2,-1,0.4615,1547.5484699856354,1499.3126771389268,0.0,0.0,0.5455,
Thomas Yaka Kofi Setodji,4,3,1,22.5,1,0.6666666666666666,0.6666666666666666,2,0.75,1511.585699413623,1499.227114636138,,,0.75,
Amr Elsayed Abdou Ahmed Mohamed,7,3,4,47.142857142857146,0,0.5,0.4,-1,0.4286,1512.2514176306206,1499.218153568727,0.5,,0.0,0.5
Petros Chrysochos,5,2,3,30.0,0,0.5,0.5,-1,0.4,1512.0,1498.9992431480666,0.5,,0.0,0.5
Maks Kasnikowski,3,1,2,36.0,1,0.3333333333333333,0.3333333333333333,-1,0.3333,1511.5892606755758,1498.8687725433037,,,0.3333,
Franco Roncadelli,5,3,2,30.0,1,0.5,0.5,1,0.6,1500.0142917836072,1498.7611036730407,0.6,,,
Vladyslav Orlov,5,2,3,42.0,0,0.5,0.5,-1,0.4,1501.071644938483,1498.716922530578,,,0.25,1.0
Jason Kubler,53,26,27,11.49056603773585,2,0.3,0.2,-1,0.4906,1570.326735875883,1498.7124794268293,0.5,0.5833,0.4483,
Bor Artnak,6,2,4,45.0,1,0.4,0.4,-1,0.3333,1512.3834040508646,1498.6975698702342,0.4,,,0.0
Filip Cristian Jianu,3,2,1,30.0,1,0.6666666666666666,0.6666666666666666,1,0.6667,1500.0,1497.6085745815953,,,0.0,1.0
Christian Sigsgaard,3,1,2,50.0,0,0.0,0.0,-1,0.3333,1512.0,1497.6024622704622,,0.0,0.5,
Arthur Fery,2,0,2,45.0,0,0.6666666666666666,0.6666666666666666,-1,0.0,1500.0,1497.38633749441,,0.0,,
Gonzalo Bueno,3,1,2,50.0,0,0.3333333333333333,0.3333333333333333,-1,0.3333,1512.027602002009,1497.3206107259552,0.0,,0.0,1.0
Gerardo Lopez Villasenor,5,2,3,32.0,0,0.5,0.5,-1,0.4,1524.0130170840755,1497.1254840282247,0.0,,0.5,
Gustavo Heide,8,3,5,27.875,3,0.42857142857142855,0.4,-1,0.375,1511.9656464683178,1496.754741886878,0.3333,,0.0,1.0
Mariano Navone,42,18,24,7.214285714285714,4,0.3,0.2,-1,0.4286,1595.3646732438292,1496.7473939927338,0.5769,0.0,0.2308,
Guido Andreozzi,4,1,3,37.5,0,0.3333333333333333,0.3333333333333333,-1,0.25,1507.811779592866,1496.6945687036075,0.3333,,0.0,
Marco Trungelliti,14,5,9,32.5,0,0.4,0.4,-1,0.3571,1501.8409085971869,1495.439526540058,0.5,0.0,0.2,
Titouan Droguet,4,1,3,37.5,0,0.3333333333333333,0.3333333333333333,-1,0.25,1517.6349204341798,1494.97140923361,0.0,,0.3333,
Sanjar Fayziev,3,1,2,30.0,1,0.3333333333333333,0.3333333333333333,-1,0.3333,1505.7293125131985,1494.2122786428351,,,0.3333,
Jack Sock,35,15,20,14.114285714285714,2,0.3,0.4,-1,0.4286,1536.412905908534,1494.0945858313655,0.0,0.625,0.4,
Arthur Cazaux,29,11,18,19.689655172413794,3,0.4,0.6,-1,0.3793,1524.1100037139504,1493.5748697585832,0.1667,0.3333,0.45,
Denis Yevseyev,4,1,3,37.5,0,0.3333333333333333,0.3333333333333333,-1,0.25,1503.4762096970503,1493.5729912524778,0.5,,0.0,
Henrique Rocha,6,3,3,44.833333333333336,0,0.4,0.4,0,0.5,1505.5065382223684,1493.3865991272992,0.25,,1.0,
Alibek Kachmazov,8,4,4,19.375,3,0.5714285714285714,0.8,-1,0.5,1517.9368847371334,1493.2992037357665,,,0.5,
Andres Martin,4,1,3,37.5,0,0.3333333333333333,0.3333333333333333,-1,0.25,1514.3601011727399,1493.0690082948322,,,0.25,
Dalibor Svrcina,6,2,4,27.333333333333332,0,0.4,0.4,-1,0.3333,1502.4224023419122,1491.9443322995796,,,0.3333,
Robin Haase,10,4,6,35.8,0,0.4444444444444444,0.6,-1,0.4,1512.0,1491.7369877898668,0.6667,0.0,0.3333,
Alexis Galarneau,5,2,3,38.0,1,0.25,0.25,1,0.4,1500.0,1491.7244040799683,0.0,,0.5,
Alexander Ritschard,11,4,7,31.636363636363637,0,0.4,0.4,-1,0.3636,1515.8448908924697,1491.676330759665,0.3333,0.0,0.5,
Vasek Pospisil,38,15,23,19.63157894736842,0,0.5,0.4,0,0.3947,1502.002204333015,1491.3979137649962,,0.4286,0.3871,
Antoine Hoang,4,1,3,27.75,1,0.3333333333333333,0.3333333333333333,-1,0.25,1512.0,1491.3346794223007,,0.5,0.0,
Osgar Ohoisin,6,2,4,35.0,0,0.4,0.4,-1,0.3333,1500.7990299293624,1491.0479153195163,0.5,,0.3333,0.0
Luke Saville,2,0,2,45.0,0,0.3333333333333333,0.3333333333333333,-1,0.0,1500.0,1490.8970905962656,,,0.0,
Darwin Blanch,2,0,2,32.5,0,1.0,1.0,-1,0.0,1500.0,1490.4636648808294,0.0,,0.0,
Gregoire Barrere,69,28,41,14.289855072463768,0,0.4,0.2,-1,0.4058,1555.1175737561582,1490.434786766945,0.4091,0.5,0.3784,
Dane Sweeny,6,2,4,27.0,0,0.4,0.4,-1,0.3333,1511.585699413623,1490.3617134171268,,,0.3333,
Daniel Cukierman,8,4,4,41.25,0,0.42857142857142855,0.6,0,0.5,1500.0,1490.2532997810226,,,0.5,0.5
Duje Ajdukovic,16,6,10,31.8125,0,0.5,0.6,-1,0.375,1512.0,1489.9644421399153,0.3636,,0.4,
Menelaos Efstathiou,4,1,3,37.5,0,0.3333333333333333,0.3333333333333333,-1,0.25,1500.0,1489.8572694206848,0.0,,0.0,0.5
Alexandar Lazarov,6,2,4,36.666666666666664,0,0.4,0.4,-1,0.3333,1511.4103096563379,1489.8391332959072,1.0,,0.2,
Matic Kriznik,4,1,3,37.5,1,0.3333333333333333,0.3333333333333333,-1,0.25,1511.5861725846826,1489.8283707598396,1.0,,0.0,0.0
Matteo Martineau,2,0,2,45.0,0,0.6666666666666666,0.6666666666666666,-1,0.0,1500.0,1489.8234140836362,,0.0,0.0,
Mattia Bellucci,15,6,9,14.533333333333333,4,0.5,0.4,-1,0.4,1504.1127139155424,1489.769606732684,0.0,0.0,0.4615,
Stefanos Sakellaridis,4,1,3,22.5,0,0.3333333333333333,0.3333333333333333,-1,0.25,1509.2698871992905,1489.758495941079,,,0.25,
Henry Searle,2,0,2,18.5,1,0.6666666666666666,0.6666666666666666,-1,0.0,1500.0,1489.6980133908478,,0.0,,
Kris Van Wyk,4,1,3,22.5,1,0.3333333333333333,0.3333333333333333,-1,0.25,1500.0,1489.626775893638,,,0.5,0.0
Nicolai Budkov Kjaer,4,2,2,37.5,0,0.3333333333333333,0.3333333333333333,1,0.5,1500.0,1489.4017609207594,0.0,,1.0,
Gilles Arnaud Bailly,2,0,2,45.0,0,0.3333333333333333,0.3333333333333333,-1,0.0,1500.0,1489.2786679047158,,,0.0,
Ivo Karlovic,6,2,4,23.166666666666668,0,0.4,0.4,-1,0.3333,1512.0,1489.2591427202065,,0.5,0.25,
Joao Menezes,2,0,2,45.0,0,0.0,0.0,-1,0.0,1500.0,1489.1850061795985,0.0,,0.0,
Charles Broom,2,0,2,18.5,1,0.6666666666666666,0.6666666666666666,-1,0.0,1500.0,1489.0590999523813,,0.0,,
Franco Agamenone,5,3,2,18.0,3,0.75,0.75,-1,0.6,1526.7297031910896,1488.9899070472675,0.6,,,
Lukas Rosol,2,0,2,45.0,0,0.3333333333333333,0.3333333333333333,-1,0.0,1500.0,1488.9650544522704,,0.0,0.0,
Adam Moundir,2,0,2,45.0,0,0.0,0.0,-1,0.0,1500.0,1488.8515388328972,0.0,,0.0,
Benjamin Balleret,2,1,1,45.0,0,0.3333333333333333,0.3333333333333333,0,0.5,1500.0,1488.8413660983917,0.5,,,
Mikael Torpegaard,4,1,3,24.25,0,0.3333333333333333,0.3333333333333333,-1,0.25,1512.0,1488.8186316628203,,0.0,0.3333,
Fitriadi M Rifqi,5,3,2,30.0,1,0.5,0.5,1,0.6,1501.200514892222,1488.814308212328,,,0.6667,0.5
Aqeel Khan,8,4,4,41.25,0,0.42857142857142855,0.4,1,0.5,1500.8001564407266,1488.7546604568827,,0.5,1.0,0.0
Nicolas Alvarez,4,1,3,22.5,1,0.3333333333333333,0.3333333333333333,-1,0.25,1500.213832083812,1488.6311707453083,0.25,,,
Karl Friberg,2,0,2,45.0,0,0.6666666666666666,0.6666666666666666,-1,0.0,1500.0,1488.5614972316557,,,0.0,
Lorenzo Giustino,2,0,2,45.0,0,1.0,1.0,-1,0.0,1500.0,1488.46312211105,0.0,,0.0,
Joel Schwaerzler,2,0,2,45.0,0,0.6666666666666666,0.6666666666666666,-1,0.0,1500.0,1488.4031323643844,0.0,,0.0,
Adrian Andreev,6,2,4,24.833333333333332,0,0.4,0.4,-1,0.3333,1512.0309712696073,1488.3768833498868,,,0.3333,
Martins Rocens,2,0,2,45.0,0,0.6666666666666666,0.6666666666666666,-1,0.0,1500.0,1488.3424421948018,,,0.0,
Eliot Spizzirri,4,1,3,33.0,0,0.3333333333333333,0.3333333333333333,-1,0.25,1500.0,1488.2575261863312,,0.3333,0.0,
Bradley Klahn,2,0,2,45.0,0,0.3333333333333333,0.3333333333333333,-1,0.0,1500.0,1488.2535595715212,,,0.0,
Sergiy Stakhovsky,6,2,4,20.333333333333332,0,0.4,0.4,-1,0.3333,1512.0,1488.1099688417587,,,0.3333,
Dominic Thiem,106,48,58,10.49056603773585,0,0.2,0.0,-1,0.4528,1596.1795318283337,1488.092912960955,0.4717,0.0,0.4694,
Murkel Alejandro Dellien Velasco,6,2,4,35.0,0,0.4,0.4,-1,0.3333,1512.0240306770474,1488.0793608145657,0.5,,0.0,
Juan Alejandro Hernandez Serrano,3,1,2,30.0,1,0.0,0.0,-1,0.3333,1500.4855719188724,1488.0738178917486,,,0.3333,
Strong Kirchheimer,2,0,2,45.0,0,0.3333333333333333,0.3333333333333333,-1,0.0,1500.0,1488.043129028476,,,0.0,
Yunseong Chung,2,0,2,45.0,0,0.3333333333333333,0.3333333333333333,-1,0.0,1500.0,1488.0247247103102,,0.0,0.0,
Hugo Nys,2,1,1,45.0,0,0.6666666666666666,0.6666666666666666,0,0.5,1500.0,1488.0143094285309,1.0,,0.0,
Anthony Susanto,3,0,3,30.0,1,1.0,1.0,-1,0.0,1500.0,1488.0,,,0.0,0.0
Johan Nikles,3,1,2,30.0,1,0.6666666666666666,0.6666666666666666,-1,0.3333,1500.101063145013,1488.0,0.3333,,,
Muzammil Murtaza,3,0,3,30.0,1,1.0,1.0,-1,0.0,1500.0,1488.0,0.0,0.0,,
Alec Beckley,2,0,2,45.0,0,0.6666666666666666,0.6666666666666666,-1,0.0,1500.0,1488.0,0.0,,,0.0
Andrea Collarini,2,0,2,45.0,0,0.3333333333333333,0.3333333333333333,-1,0.0,1500.0,1488.0,0.0,,,
John Patrick Smith,2,0,2,25.5,1,1.0,1.0,-1,0.0,1500.0,1488.0,,,0.0,
Karim Mohamed Maamoun,2,1,1,45.0,0,0.6666666666666666,0.6666666666666666,0,0.5,1500.0,1488.0,0.5,,,
Martin Antonio Vergara Del Puerto,2,0,2,45.0,0,0.0,0.0,-1,0.0,1500.0,1488.0,0.0,,,
Michael Bassem Sobhy,2,0,2,45.0,0,0.3333333333333333,0.3333333333333333,-1,0.0,1500.0,1488.0,0.0,,0.0,
Nicolas Kicker,2,0,2,45.0,0,0.0,0.0,-1,0.0,1500.0,1488.0,0.0,,,
Noah Rubin,2,0,2,45.0,0,0.0,0.0,-1,0.0,1500.0,1488.0,,,0.0,
Paolo Lorenzi,2,0,2,45.0,0,0.3333333333333333,0.3333333333333333,-1,0.0,1500.0,1488.0,,0.0,0.0,
Roberto Cid,2,1,1,15.0,1,0.6666666666666666,0.6666666666666666,0,0.5,1500.0,1488.0,,,0.5,
Stylianos Christodoulou,2,1,1,45.0,0,0.3333333333333333,0.3333333333333333,0,0.5,1500.0,1488.0,0.0,,1.0,
Thomaz Bellucci,2,0,2,45.0,0,1.0,1.0,-1,0.0,1500.0,1488.0,0.0,,0.0,
Khumoun Sultanov,5,2,3,42.0,1,0.25,0.25,1,0.4,1500.0,1487.687549601189,,,0.4,
Aziz Ouakaa,2,1,1,45.0,0,0.3333333333333333,0.3333333333333333,0,0.5,1500.0,1487.585699413623,1.0,,0.0,
Frederico Ferreira Silva,2,0,2,18.5,1,0.0,0.0,-1,0.0,1500.0,1487.585699413623,,,0.0,
Ilya Snitari,2,0,2,15.0,1,0.3333333333333333,0.3333333333333333,-1,0.0,1500.0,1487.5714076300158,0.0,,,
Mathias Bourgue,2,0,2,45.0,0,0.3333333333333333,0.3333333333333333,-1,0.0,1500.0,1487.5688536890336,0.0,,0.0,
Gian Marco Moroni,2,0,2,45.0,0,0.6666666666666666,0.6666666666666666,-1,0.0,1500.0,1487.449286951364,0.0,,0.0,
Eduardo Nava,2,0,2,45.0,0,0.3333333333333333,0.3333333333333333,-1,0.0,1500.0,1487.308239469037,0.0,,0.0,
Lukas Neumayer,5,3,2,28.6,1,0.5,0.5,1,0.6,1500.5791817936404,1487.2945505826867,0.6,,,
Daniel Michalski,3,0,3,10.0,2,1.0,1.0,-1,0.0,1500.0,1487.275636787394,,,0.0,
Linh Giang Trinh,2,0,2,15.0,1,0.6666666666666666,0.6666666666666666,-1,0.0,1500.0,1487.200838779806,,,0.0,
Davis Rolis,2,0,2,45.0,0,0.0,0.0,-1,0.0,1500.0,1487.1928263537282,,,0.0,
George Loffhagen,2,0,2,18.5,1,0.6666666666666666,0.6666666666666666,-1,0.0,1500.0,1487.1846879484922,,0.0,,
Thai Son Kwiatkowski,2,0,2,45.0,0,0.3333333333333333,0.3333333333333333,-1,0.0,1500.0,1487.1586369320855,,,0.0,
Fajing Sun,2,0,2,45.0,0,0.3333333333333333,0.3333333333333333,-1,0.0,1500.0,1487.1523822456963,0.0,,0.0,
Oleksandr Ovcharenko,2,0,2,45.0,0,0.0,0.0,-1,0.0,1500.0,1487.1508925164746,,,0.0,0.0
Matteo Gigante,3,1,2,21.666666666666668,1,0.6666666666666666,0.6666666666666666,-1,0.3333,1500.0,1487.0987525113712,0.3333,,,
Liam Broady,42,17,25,18.761904761904763,1,0.4,0.2,-1,0.4048,1513.3276686052418,1486.838932135712,0.3333,0.4,0.4211,
Ruben Bemelmans,2,1,1,15.0,1,0.3333333333333333,0.3333333333333333,0,0.5,1500.0,1486.7879895057818,0.5,,,
Nick Chappell,2,0,2,45.0,0,0.3333333333333333,0.3333333333333333,-1,0.0,1500.0,1486.7797340193308,,,0.0,
Yuki Bhambri,6,2,4,33.833333333333336,0,0.4,0.4,-1,0.3333,1500.0,1486.6723835754444,,1.0,0.2,
Gerald Melzer,2,0,2,45.0,0,0.6666666666666666,0.6666666666666666,-1,0.0,1500.0,1486.474313721323,0.0,,0.0,
Roman Andres Burruchaga,4,1,3,27.75,0,0.3333333333333333,0.3333333333333333,-1,0.25,1512.497258767098,1486.471891486966,0.25,,,
Younes Lalami Laaroussi,2,0,2,45.0,0,0.0,0.0,-1,0.0,1500.0,1486.4328701277207,0.0,,,
Stefano Napolitano,7,2,5,31.428571428571427,0,0.3333333333333333,0.4,-1,0.2857,1503.4894438283725,1486.363657651437,0.4,0.0,0.0,
Rigele Te,6,2,4,37.666666666666664,0,0.4,0.4,-1,0.3333,1511.1241717058788,1486.3125398348975,1.0,,0.0,0.0
Hong Kit Jack Wong,4,2,2,52.5,0,0.3333333333333333,0.3333333333333333,0,0.5,1512.0,1486.2380425332549,,,0.5,
Sergey Fomin,7,2,5,38.57142857142857,0,0.3333333333333333,0.4,-1,0.2857,1500.0,1486.183060117988,,,0.2857,
Nerman Fatic,4,2,2,52.5,0,0.3333333333333333,0.3333333333333333,0,0.5,1500.0,1486.0713642134713,0.3333,,1.0,
Hiroki Moriya,3,1,2,12.333333333333334,2,0.6666666666666666,0.6666666666666666,-1,0.3333,1500.0,1485.916116045409,,,0.3333,
Mili Poljicak,2,0,2,45.0,0,0.6666666666666666,0.6666666666666666,-1,0.0,1500.0,1485.8752547877682,0.0,,,
Rowland Phillips,6,2,4,35.0,1,0.4,0.4,-1,0.3333,1510.4569707360681,1485.7401263196234,0.3333,,0.0,1.0
Jie Cui,2,0,2,45.0,0,0.3333333333333333,0.3333333333333333,-1,0.0,1500.0,1485.143901779628,,,0.0,0.0
Soon Woo Kwon,104,49,55,10.740384615384615,1,0.2,0.2,0,0.4712,1596.395152304564,1485.0002905609954,0.45,0.5,0.473,
Alexander Blockx,3,0,3,40.333333333333336,0,1.0,1.0,-1,0.0,1500.0,1484.9453099997145,,,0.0,
Marius Copil,7,2,5,31.428571428571427,0,0.3333333333333333,0.2,-1,0.2857,1520.3749601501331,1484.9415101854504,0.0,,0.5,
Bjorn Fratangelo,9,3,6,36.22222222222222,0,0.375,0.2,-1,0.3333,1512.0,1484.8424123671966,0.0,,0.4286,
Leandro Riedi,11,3,8,34.72727272727273,1,0.3,0.4,-1,0.2727,1500.0,1484.5495948051484,0.25,,0.2857,
August Holmgren,8,4,4,35.0,0,0.42857142857142855,0.2,1,0.5,1523.172385326556,1483.9962308269764,0.5,,0.5,
Vilius Gaubas,7,2,5,38.57142857142857,1,0.3333333333333333,0.4,-1,0.2857,1500.414300586377,1483.6049425905287,0.0,,0.2,1.0
Jesper De Jong,10,2,8,40.7,0,0.2222222222222222,0.2,-1,0.2,1500.0,1483.484462020462,0.25,0.0,0.2,
Steve Johnson,64,29,35,13.140625,0,0.3,0.4,-1,0.4531,1558.4194659123652,1483.4461976681528,0.5,0.5455,0.4186,
Oleksii Krutykh,7,2,5,43.0,0,0.3333333333333333,0.4,-1,0.2857,1500.0,1483.2871759293562,0.0,,0.3333,
Stefan Kozlov,13,4,9,20.692307692307693,1,0.3,0.0,-1,0.3077,1520.7689317781903,1483.2741101181823,,0.0,0.3636,
Max Purcell,83,32,51,12.698795180722891,4,0.5,0.4,-1,0.3855,1536.455049546494,1483.0752386527765,0.3636,0.4444,0.3704,
Jozef Kovalik,30,13,17,23.033333333333335,2,0.4,0.2,0,0.4333,1523.5718836268343,1483.054834269457,0.5,,0.25,
Nino Serdarusic,5,1,4,36.8,0,0.25,0.25,-1,0.2,1500.0,1482.3865459684023,0.0,,0.3333,
Elliot Benchetrit,5,1,4,53.6,0,0.25,0.25,-1,0.2,1500.0,1482.322589166645,0.0,,1.0,
Yosuke Watanuki,34,15,19,23.970588235294116,2,0.3,0.4,0,0.4412,1540.2568017685787,1481.9265694766796,0.4286,0.6,0.4091,
Tung Lin Wu,11,5,6,31.545454545454547,1,0.4,0.4,1,0.4545,1500.0,1481.8258607534012,,,0.4545,
Philipp Kohlschreiber,20,8,12,17.45,0,0.3,0.2,-1,0.4,1528.936834677976,1481.2517866999035,0.4286,0.5,0.3333,
Andrey Kuznetsov,3,0,3,50.0,0,1.0,1.0,-1,0.0,1500.0,1480.5296819005914,0.0,,0.0,
Tristan Schoolkate,5,1,4,31.4,2,0.25,0.25,-1,0.2,1500.0,1480.3680097367223,,0.0,0.25,
Jason Jung,9,3,6,24.88888888888889,2,0.375,0.2,-1,0.3333,1511.412961591155,1480.2425468376389,,0.6667,0.1667,
Lukas Klein,30,11,19,23.033333333333335,2,0.4,0.6,0,0.3667,1510.4480053501618,1480.2328351765639,0.4444,0.3333,0.3333,
Pierre Hugues Herbert,36,15,21,18.194444444444443,1,0.5,0.4,-1,0.4167,1531.4622448364994,1480.227411013964,0.2222,0.0,0.52,
Rudolf Molleker,5,1,4,42.0,0,0.25,0.25,-1,0.2,1500.0,1480.0487982880122,0.25,0.0,,
Cem Ilkel,15,5,10,31.066666666666666,1,0.4,0.4,-1,0.3333,1500.4870841029676,1479.9887041920335,0.0,,0.3636,1.0
Aleksandre Metreveli,3,0,3,10.0,2,0.3333333333333333,0.3333333333333333,-1,0.0,1500.0,1479.5418774367413,,,0.0,
Daniel Rincon,3,0,3,41.666666666666664,0,1.0,1.0,-1,0.0,1500.0,1479.4371743887773,0.0,,,
Kaipo Marshall,7,2,5,38.57142857142857,0,0.3333333333333333,0.4,-1,0.2857,1500.0,1479.4251284846207,,,0.2,0.5
Henri Squire,6,1,5,28.5,0,0.2,0.2,-1,0.1667,1500.0,1479.1624672694338,0.5,0.0,0.0,
Elias Ymer,58,25,33,19.32758620689655,0,0.5,0.4,0,0.431,1540.0329124612563,1478.911448467516,0.3333,0.0,0.4878,
Mark Lajal,7,2,5,30.0,1,0.3333333333333333,0.4,-1,0.2857,1500.0,1478.6408144310897,0.0,0.0,0.5,
Dimitar Kuzmanov,16,7,9,31.875,0,0.4,0.2,-1,0.4375,1526.4417496465567,1478.3122776192388,0.4,,0.4545,
Edas Butvilas,5,1,4,54.0,0,0.25,0.25,-1,0.2,1500.0,1478.1431554594633,0.0,0.0,0.0,1.0
Valentin Vacherot,10,3,7,31.9,0,0.3333333333333333,0.4,-1,0.3,1500.00580332941,1478.100233872488,0.25,,0.5,
Raphael Collignon,3,0,3,21.333333333333332,0,0.6666666666666666,0.6666666666666666,-1,0.0,1500.0,1477.9146126759695,,,0.0,
Alexey Vatutin,3,0,3,50.0,0,0.0,0.0,-1,0.0,1500.0,1477.9050670089325,0.0,,0.0,
J J Wolf,93,43,50,10.397849462365592,2,0.2,0.2,-1,0.4624,1598.6053343837493,1477.901335794437,0.4375,0.5,0.4648,
Yanaki Milev,4,2,2,37.5,1,0.3333333333333333,0.3333333333333333,1,0.5,1500.0,1477.7708239763122,0.6667,,0.0,
Kevin Anderson,36,16,20,14.083333333333334,3,0.3,0.4,-1,0.4444,1557.0206797271996,1477.758346264236,0.5,0.8,0.2727,
Benjamin Lock,3,0,3,50.0,0,0.0,0.0,-1,0.0,1500.0,1477.61892581754,0.0,,0.0,
Petros Tsitsipas,5,1,4,42.0,0,0.25,0.25,-1,0.2,1500.0,1477.5781274638332,0.3333,,0.0,
Laurent Lokoli,3,0,3,41.666666666666664,0,0.3333333333333333,0.3333333333333333,-1,0.0,1500.0,1477.5647895171655,,0.0,0.0,
Roberto Quiroz,8,2,6,26.375,1,0.2857142857142857,0.0,-1,0.25,1524.0,1477.436343685213,,,0.25,
Sho Shimabukuro,12,4,8,17.666666666666668,2,0.3,0.4,-1,0.3333,1510.4899145658405,1477.4044531031684,,0.0,0.3636,
Alessandro Giannessi,5,1,4,39.8,0,0.25,0.25,-1,0.2,1500.623114405953,1476.8462890559217,0.2,,,
Wishaya Trongcharoenchaikul,3,0,3,30.0,0,0.3333333333333333,0.3333333333333333,-1,0.0,1500.0,1476.827614673444,0.0,,0.0,
Illya Marchenko,13,5,8,24.23076923076923,0,0.3,0.4,-1,0.3846,1523.9842623238285,1476.8045096592548,,0.0,0.4545,
Eero Vasa,5,1,4,30.6,2,0.25,0.25,-1,0.2,1511.622002112704,1476.6576991558788,,,0.2,
Nicolas Moreno De Alboran,17,6,11,18.705882352941178,3,0.5,0.4,0,0.3529,1500.0,1476.5268610156413,0.4545,,0.1667,
Jan Choinski,9,2,7,26.77777777777778,0,0.25,0.2,-1,0.2222,1500.0,1476.3765727284162,0.3333,0.2,0.0,
John Millman,80,34,46,8.375,3,0.4,0.4,-1,0.425,1544.684163532697,1476.0492954551844,0.4211,0.375,0.434,
Nikola Milojevic,6,2,4,19.666666666666668,2,0.4,0.4,-1,0.3333,1500.0,1475.992889254146,0.4,,0.0,
Juan Carlos Prado Angelo,3,1,2,30.0,0,0.0,0.0,0,0.3333,1500.0,1475.9824707936184,1.0,,,0.0
Gonzalo Lama,3,0,3,50.0,0,0.3333333333333333,0.3333333333333333,-1,0.0,1500.0,1475.9435655520308,0.0,,0.0,
Andrej Nedic,3,0,3,50.0,0,0.3333333333333333,0.3333333333333333,-1,0.0,1500.0,1475.8728168208722,0.0,,0.0,
Jose Rubin Statham,3,0,3,30.0,0,0.6666666666666666,0.6666666666666666,-1,0.0,1500.0,1475.8155777963123,,0.0,0.0,
Rodrigo Pacheco Mendez,9,3,6,37.77777777777778,1,0.25,0.4,0,0.3333,1500.13519415353,1475.8036683916146,1.0,,0.1429,
Diego Duran,3,1,2,50.0,0,0.6666666666666666,0.6666666666666666,0,0.3333,1500.0,1475.6798234527141,0.0,,1.0,0.0
Gunawan Trismuwantara,3,0,3,30.0,1,0.3333333333333333,0.3333333333333333,-1,0.0,1500.0,1475.599806599834,,0.0,0.0,
Daniels Tens,4,0,4,37.5,1,0.0,0.0,-1,0.0,1500.0,1475.5851635053891,,,0.0,
Sasi Kumar Mukund,3,0,3,50.0,0,0.3333333333333333,0.3333333333333333,-1,0.0,1500.0,1475.493203531968,,0.0,0.0,
Edan Leshem,7,2,5,22.857142857142858,0,0.3333333333333333,0.2,-1,0.2857,1511.5443473441455,1474.6197416056955,,,0.3333,0.0
Johannes Ingildsen,3,1,2,50.0,0,0.6666666666666666,0.6666666666666666,0,0.3333,1500.0,1474.4989724587715,,0.0,0.5,
Ji Sung Nam,5,1,4,47.6,0,0.25,0.25,-1,0.2,1500.0,1474.439379980572,,1.0,0.0,
Harold Mayot,18,7,11,21.77777777777778,0,0.2,0.2,-1,0.3889,1531.860087644729,1474.3673917941262,0.25,0.3333,0.4545,
Dino Prizmic,11,3,8,29.272727272727273,1,0.3,0.2,-1,0.2727,1503.3717613885058,1474.2172083037394,0.4,,0.1667,
Renzo Olivo,3,0,3,50.0,0,0.6666666666666666,0.6666666666666666,-1,0.0,1500.0,1474.0443813806398,0.0,,0.0,
Blaz Rola,4,2,2,37.5,1,0.3333333333333333,0.3333333333333333,1,0.5,1500.0,1473.8408313155362,0.6667,,0.0,
Pedro Martinez,138,59,79,8.673913043478262,4,0.2,0.2,-1,0.4275,1580.341843476194,1473.4017202241964,0.4861,0.3,0.375,
Jurij Rodionov,34,15,19,25.176470588235293,0,0.4,0.2,0,0.4412,1536.1275949217443,1473.3212008407588,0.5,0.4286,0.3846,
Prajnesh Gunneswaran,6,2,4,42.666666666666664,0,0.2,0.2,0,0.3333,1500.0,1473.2519597045484,,,0.3333,
Kacper Zuk,5,1,4,53.8,0,0.25,0.25,-1,0.2,1500.414300586377,1472.3690160093659,0.0,,0.25,
Filip Krajinovic,94,42,52,8.553191489361701,2,0.1,0.0,-1,0.4468,1588.4611641899337,1472.2680503716033,0.4615,0.625,0.4043,
Gilles Simon,37,12,25,15.594594594594595,2,0.6,0.6,-1,0.3243,1512.0,1472.1449806955648,0.2727,0.1667,0.4,
Lloyd Harris,94,44,50,9.117021276595745,1,0.3,0.4,-1,0.4681,1613.9029912288233,1472.013838114453,0.25,0.5,0.5161,
Federico Gaio,6,1,5,29.666666666666668,0,0.2,0.2,-1,0.1667,1500.0,1471.6380382163204,0.3333,,0.0,
Kimmer Coppejans,5,1,4,31.4,1,0.25,0.25,-1,0.2,1500.0,1471.454932106878,,0.0,0.25,
Benjamin Bonzi,99,43,56,11.656565656565656,4,0.4,0.8,4,0.4343,1557.0579601500897,1471.352607329963,0.2308,0.5294,0.4493,
Mitchell Krueger,20,7,13,25.9,2,0.4,0.4,-1,0.35,1500.0,1471.2111544102954,0.5,0.3333,0.3333,
Dmitry Popko,4,0,4,37.5,1,0.0,0.0,-1,0.0,1500.0,1471.0203765975036,0.0,,0.0,
Corentin Moutet,106,47,59,10.820754716981131,5,0.4,0.6,-1,0.4434,1564.4510791100568,1470.6399879507496,0.4359,0.4286,0.4528,
Yi Zhou,11,4,7,16.363636363636363,5,0.4,0.4,-1,0.3636,1500.0,1469.1604154696554,0.0,,0.4,
Lucas Catarina,4,1,3,52.5,0,0.0,0.0,0,0.25,1500.0,1469.1205130053336,0.3333,,0.0,
Felipe Meligeni Alves,15,5,10,35.13333333333333,1,0.3,0.2,-1,0.3333,1512.0,1468.820788323938,0.3333,0.0,0.375,
Max Hans Rehberg,4,0,4,52.5,0,0.0,0.0,-1,0.0,1500.0,1468.6490755154523,0.0,,,
Mirza Basic,7,2,5,38.57142857142857,1,0.3333333333333333,0.4,-1,0.2857,1500.9001080385538,1468.6186044545468,0.3333,,0.25,
Camilo Ugo Carabelli,13,4,9,25.076923076923077,1,0.3,0.2,-1,0.3077,1517.4515563007637,1467.9074171043048,0.3636,,0.0,
James Mccabe,4,0,4,39.25,0,0.0,0.0,-1,0.0,1500.0,1467.752328167488,,0.0,0.0,
Yuichi Sugita,8,2,6,20.0,0,0.2857142857142857,0.2,-1,0.25,1512.0,1467.5441753059852,,0.3333,0.2,
Jiri Vesely,54,21,33,15.907407407407407,0,0.4,0.4,-1,0.3889,1524.800492464106,1467.2823778293298,0.2308,0.5455,0.4,
Thomas Fabbiano,4,0,4,27.75,0,0.0,0.0,-1,0.0,1500.0,1467.18949553913,0.0,,0.0,
Andrej Martin,18,6,12,15.88888888888889,0,0.5,0.4,-1,0.3333,1500.0,1466.5380647053787,0.4,,0.0,
Michael Agwi,5,2,3,30.0,1,0.25,0.25,1,0.4,1500.0,1466.5339461608787,1.0,,0.0,0.0
Terence Atmane,14,4,10,23.857142857142858,2,0.3,0.4,-1,0.2857,1502.8974279282097,1466.2675979700705,0.5,,0.2,
Martin Landaluce,7,1,6,35.0,1,0.16666666666666666,0.2,-1,0.1429,1500.0,1466.2376813931467,0.0,,0.3333,
Muhammad Shoaib,6,1,5,55.0,0,0.2,0.2,-1,0.1667,1500.0,1466.15550516069,0.0,0.3333,0.0,0.0
Brandon Holt,9,2,7,31.11111111111111,0,0.25,0.2,-1,0.2222,1518.6759309468248,1466.0424986753876,,,0.2222,
Mate Valkusz,6,2,4,28.0,1,0.2,0.2,0,0.3333,1511.0787516263008,1465.8393656888882,0.5,,0.25,
Yshai Oliel,9,4,5,43.333333333333336,1,0.375,0.6,1,0.4444,1500.0,1465.3691896194146,,,0.375,1.0
Cedrik Marcel Stebe,7,2,5,31.0,1,0.3333333333333333,0.2,-1,0.2857,1512.0,1465.297660737209,0.0,0.0,0.4,
Dragos Nicolae Madaras,4,0,4,37.5,0,0.0,0.0,-1,0.0,1500.0,1465.2696134461244,0.0,,0.0,
Malek Jaziri,12,4,8,32.166666666666664,0,0.4,0.4,-1,0.3333,1500.0,1465.16996071219,0.6667,,0.2222,
Ajeet Rai,4,0,4,37.5,0,0.0,0.0,-1,0.0,1500.0,1465.088410417004,,,0.0,
Nicola Kuhn,6,1,5,32.0,1,0.2,0.2,-1,0.1667,1512.0,1464.4711774273503,0.0,0.0,0.5,
Jaime Faria,4,0,4,37.5,1,0.0,0.0,-1,0.0,1500.0,1464.269290119595,0.0,,0.0,
Daniel Altmaier,115,40,75,10.904347826086957,3,0.3,0.4,-1,0.3478,1508.161563373239,1464.2244725826386,0.4151,0.2727,0.2941,
Cesar Cruz,4,0,4,37.5,0,0.0,0.0,-1,0.0,1500.0,1464.0079745036246,0.0,,0.0,
Ernests Gulbis,4,1,3,51.0,0,0.0,0.0,0,0.25,1500.0,1463.551182337716,0.0,,0.0,1.0
Ignacio Carou,4,0,4,37.5,0,0.0,0.0,-1,0.0,1500.0,1463.472831189165,0.0,,,
Viktor Troicki,5,1,4,30.6,1,0.25,0.25,-1,0.2,1500.0,1463.0998111620054,0.0,0.5,0.0,
Evgeny Donskoy,7,1,6,18.285714285714285,1,0.16666666666666666,0.2,-1,0.1429,1500.1790297261234,1461.452710257104,,0.0,0.1667,
Pablo Cuevas,29,12,17,13.379310344827585,3,0.3,0.6,-1,0.4138,1548.1489965492638,1461.429318505689,0.4286,0.0,0.4286,
Damir Dzumhur,30,11,19,25.9,2,0.4,0.4,-1,0.3667,1506.2205441078358,1460.9228652904665,0.5,,0.2778,
Radu Albot,71,27,44,15.126760563380282,2,0.4,0.2,-1,0.3803,1525.7394663446812,1460.8215681393397,0.4,0.1,0.4348,
Vit Kopriva,18,6,12,24.72222222222222,2,0.2,0.0,-1,0.3333,1541.0249008054946,1460.4189955003037,0.3636,0.0,0.3333,
Kiranpal Pannu,7,1,6,42.142857142857146,0,0.16666666666666666,0.2,-1,0.1429,1500.0,1459.7915360811564,,,0.1429,
Maximilian Marterer,46,16,30,21.195652173913043,2,0.5,0.6,-1,0.3478,1529.272426577705,1459.7213218303098,0.3333,0.4286,0.3333,
James Duckworth,94,40,54,11.297872340425531,2,0.1,0.0,-1,0.4255,1551.9955160945494,1459.5824991108889,0.3333,0.45,0.4265,
Enzo Couacaud,10,2,8,43.5,0,0.2222222222222222,0.2,-1,0.2,1511.2931798663926,1459.4783482606717,0.25,0.0,0.25,
Juan Pablo Varillas,69,30,39,15.014492753623188,0,0.2,0.4,-1,0.4348,1542.9750458668905,1459.2398853935226,0.5098,0.0,0.2353,
Francesco Passaro,18,6,12,21.0,3,0.4,0.4,0,0.3333,1500.4398264428594,1459.0532500538766,0.3636,,0.2857,
Guido Pella,48,17,31,11.916666666666666,1,0.5,0.4,-1,0.3542,1512.0,1459.0329099780263,0.3333,0.3333,0.3889,
Emilio Gomez,27,9,18,23.59259259259259,0,0.3,0.4,-1,0.3333,1512.0,1458.361066160218,0.3333,,0.3333,
Marko Topo,5,0,5,54.0,0,0.0,0.0,-1,0.0,1500.0,1458.2155215492792,0.0,,,
Marc Polmans,12,3,9,31.0,0,0.3,0.2,-1,0.25,1500.0,1457.7359630814856,0.5,0.3333,0.1429,
Daniel Evans,180,82,98,7.561111111111111,2,0.4,0.4,-1,0.4556,1601.7401068492184,1457.4834430503536,0.3721,0.3571,0.4959,
Juan Manuel Cerundolo,41,17,24,15.634146341463415,2,0.5,0.4,-1,0.4146,1559.8243605210282,1457.3196835426377,0.4167,0.0,0.4375,
Ethan Quinn,8,2,6,27.5,1,0.2857142857142857,0.2,-1,0.25,1511.5527917357574,1456.226809878373,,0.5,0.0,
Denis Istomin,7,1,6,44.42857142857143,0,0.16666666666666666,0.2,-1,0.1429,1500.0,1456.0455422973025,0.0,,0.1667,
Jay Clarke,5,0,5,32.8,1,0.0,0.0,-1,0.0,1500.0,1454.7744379456158,,0.0,0.0,
Geoffrey Blancaneaux,5,0,5,37.0,1,0.0,0.0,-1,0.0,1500.0,1454.0619783504558,0.0,,0.0,
Sebastian Dominko,5,1,4,42.0,1,0.0,0.0,0,0.2,1500.0,1453.8159094277382,0.0,,0.5,0.0
Yasutaka Uchiyama,17,5,12,18.941176470588236,2,0.3,0.4,0,0.2941,1500.0,1452.9114010371404,0.0,0.0,0.3571,
Skander Mansouri,6,1,5,35.0,1,0.0,0.0,0,0.1667,1500.0,1452.6851160258077,0.5,,0.0,0.0
Kristjan Tamm,5,0,5,42.0,0,0.0,0.0,-1,0.0,1500.0,1452.5487011990822,0.0,,0.0,0.0
Giulio Zeppieri,19,6,13,27.157894736842106,2,0.3,0.2,-1,0.3158,1510.7439679315,1452.180147475767,0.3571,,0.2,
Leo Borg,11,2,9,35.54545454545455,0,0.2,0.2,-1,0.1818,1500.0,1451.7980788908658,0.3333,,0.125,
Attila Balazs,6,0,6,42.0,0,0.0,0.0,-1,0.0,1500.0,1451.267786088045,0.0,0.0,0.0,
Jaume Munar,145,59,86,8.76551724137931,2,0.2,0.2,-1,0.4069,1537.7159995933046,1450.809347478875,0.4886,0.3,0.2766,
Gianluca Mager,45,18,27,9.311111111111112,5,0.3,0.4,-1,0.4,1524.0,1449.558702149292,0.45,0.5,0.3478,
Marco Cecchinato,74,31,43,10.878378378378379,2,0.2,0.2,-1,0.4189,1524.083794320531,1449.4871342577717,0.4915,0.0,0.1667,
Peter Gojowczyk,41,17,24,13.292682926829269,3,0.2,0.2,-1,0.4146,1569.0172735783374,1449.0525856586128,0.0,0.5,0.4333,
Brayden Schnur,5,0,5,39.2,0,0.0,0.0,-1,0.0,1500.0,1448.9053355370283,,0.0,0.0,
Michail Pervolarakis,10,2,8,35.5,0,0.2222222222222222,0.2,-1,0.2,1500.0,1448.7756150770317,0.0,,0.2222,
Yen Hsun Lu,8,1,7,24.125,1,0.14285714285714285,0.2,-1,0.125,1500.0,1448.1745688041347,0.0,0.0,0.2,
Kyle Edmund,12,2,10,20.083333333333332,2,0.1,0.0,-1,0.1667,1512.9616349926448,1447.6908987905033,0.0,,0.2222,
Steven Diez,6,0,6,30.166666666666668,1,0.0,0.0,-1,0.0,1500.0,1447.1515261210393,0.0,,0.0,
Vitaliy Sachko,6,0,6,54.333333333333336,0,0.0,0.0,-1,0.0,1500.0,1446.7666644489989,0.0,,0.0,
Luca Van Assche,61,22,39,12.704918032786885,3,0.3,0.4,-1,0.3607,1515.3048398428452,1446.6353962107148,0.381,0.25,0.3611,
Andreas Seppi,27,9,18,14.25925925925926,0,0.3,0.4,-1,0.3333,1500.0,1446.377158946351,0.3333,0.5,0.2778,
Aleksandar Kovacevic,48,16,32,14.0625,2,0.3,0.2,-1,0.3333,1537.6268560528824,1445.8464273967834,0.125,0.4,0.3714,
Nicolas Mejia,15,3,12,31.8,2,0.3,0.2,-1,0.2,1500.0,1444.253142114376,0.6,,0.0,
Egor Gerasimov,55,21,34,11.309090909090909,0,0.3,0.4,-1,0.3818,1536.0677491409306,1444.189253720742,0.3636,0.5,0.375,
Hugo Grenier,24,7,17,26.916666666666668,0,0.2,0.2,-1,0.2917,1512.0,1441.7795632691589,0.25,0.5,0.2857,
Tomas Barrios Vera,18,5,13,29.11111111111111,0,0.3,0.4,-1,0.2778,1500.0,1441.6222086832179,0.3636,0.3333,0.0,
Abedallah Shelbayh,14,3,11,25.5,0,0.2,0.2,-1,0.2143,1503.5347052081127,1441.5110890731808,0.25,0.0,0.25,
Nikoloz Basilashvili,111,50,61,7.333333333333333,3,0.2,0.2,-1,0.4505,1615.6959417356265,1438.2216641089985,0.4516,0.5714,0.4242,
Viktor Durasovic,16,5,11,29.375,0,0.2,0.2,0,0.3125,1511.6034492579622,1437.3808307913876,0.5,,0.2857,
Ernesto Escobedo,19,6,13,28.263157894736842,3,0.1,0.2,-1,0.3158,1526.7364290757607,1435.6352401171005,0.25,,0.3333,
Adam Walton,14,3,11,19.357142857142858,1,0.3,0.2,-1,0.2143,1500.0,1434.7346729105095,0.0,0.5,0.1111,
Sumit Nagal,37,12,25,20.135135135135137,1,0.2,0.0,-1,0.3243,1519.6210844721675,1434.4979433970332,0.3529,0.0,0.3158,
Diego Schwartzman,164,82,82,7.445121951219512,0,0.1,0.0,-1,0.5,1685.6598477010978,1434.0917111774063,0.5286,0.4545,0.4819,
Sam Querrey,40,14,26,14.525,0,0.4,0.2,-1,0.35,1530.1814223546316,1433.8623452905872,0.25,0.5263,0.1765,
Taro Daniel,109,39,70,11.944954128440367,4,0.2,0.4,-1,0.3578,1539.3229302327352,1433.6549275653608,0.3462,0.0,0.3896,
Maxime Cressy,99,42,57,9.767676767676768,2,0.2,0.2,-1,0.4242,1599.1371165626927,1433.3389570204279,0.0909,0.5417,0.4375,
Li Tu,10,1,9,37.7,0,0.1111111111111111,0.0,-1,0.1,1500.0,1433.0482150261928,,0.25,0.0,
Federico Coria,110,46,64,10.181818181818182,1,0.1,0.0,-1,0.4182,1530.4385001495837,1431.9672309520477,0.519,0.0,0.1852,
Oscar Otte,75,30,45,10.266666666666667,0,0.3,0.2,-1,0.4,1597.2147354537847,1431.0005166089588,0.4444,0.5556,0.3077,
Tennys Sandgren,28,8,20,15.107142857142858,0,0.2,0.2,-1,0.2857,1512.0,1430.8220472588291,0.2,0.5,0.2353,
Aljaz Bedene,44,19,25,10.25,1,0.2,0.0,0,0.4318,1536.9866765028505,1430.7967398378714,0.4783,0.2857,0.4286,
Carlos Taberner,32,11,21,19.15625,0,0.2,0.0,-1,0.3438,1500.3259689517417,1429.962003053212,0.3478,0.0,0.375,
Pedro Sousa,12,2,10,23.75,0,0.1,0.0,-1,0.1667,1512.0,1429.3825623614293,0.1667,0.0,0.2,
Facundo Bagnis,65,25,40,13.846153846153847,1,0.5,0.6,-1,0.3846,1554.6089296070252,1428.6569446544645,0.4419,0.0,0.3,
Ramkumar Ramanathan,14,3,11,40.714285714285715,1,0.3,0.2,-1,0.2143,1500.0,1428.1779101625898,,1.0,0.0,
Zachary Svajda,21,6,15,22.80952380952381,2,0.3,0.4,-1,0.2857,1511.7792036994838,1427.9683177979216,,0.0,0.3,
Emilio Nava,17,3,14,32.64705882352941,0,0.2,0.2,-1,0.1765,1500.0,1427.4957572694268,0.0,0.0,0.2,
Seong Chan Hong,16,4,12,22.8125,0,0.3,0.4,1,0.25,1500.0,1427.3577106652938,,,0.25,
Marc Andrea Huesler,71,26,45,13.915492957746478,0,0.4,0.4,-1,0.3662,1571.2257991126821,1427.1884373944308,0.2105,0.25,0.4545,
Federico Delbonis,82,35,47,8.060975609756097,1,0.3,0.4,-1,0.4268,1598.5619104909874,1425.1304729353808,0.541,0.0,0.1111,
Pablo Andujar,56,21,35,14.25,0,0.2,0.2,-1,0.375,1514.0634559374146,1424.9677119863763,0.4,0.25,0.3636,
Denis Kudla,55,20,35,13.818181818181818,1,0.4,0.4,-1,0.3636,1534.4847993090145,1424.3090924770656,0.2,0.4444,0.3659,
Norbert Gombos,35,11,24,17.62857142857143,0,0.1,0.2,-1,0.3143,1500.472922512476,1422.794116575283,0.4706,0.0,0.1875,
Lucas Pouille,37,12,25,17.62162162162162,2,0.4,0.6,0,0.3243,1506.6213151290183,1422.7555564253,0.25,0.4,0.375,
Luca Nardi,30,7,23,22.966666666666665,1,0.2,0.0,-1,0.2333,1500.0,1419.5913279718854,0.1818,0.25,0.2667,
Pedro Cachin,65,22,43,11.846153846153847,0,0.2,0.2,-1,0.3385,1539.2608733257648,1417.6736673518521,0.4048,0.0,0.2381,
Richard Gasquet,135,59,76,10.059259259259258,3,0.2,0.2,-1,0.437,1631.28819828194,1417.609088916321,0.44,0.4167,0.4384,
Henri Laaksonen,35,12,23,17.37142857142857,1,0.1,0.0,-1,0.3429,1539.9934055518079,1416.7687204831907,0.3846,0.0,0.3333,
Daniel Elahi Galan,104,41,63,12.076923076923077,6,0.3,0.6,-1,0.3942,1542.1780037553037,1411.8251982068625,0.3673,0.5455,0.3864,
Bernabe Zapata Miralles,93,34,59,11.21505376344086,5,0.1,0.2,-1,0.3656,1552.6173493704948,1411.2878880176652,0.4909,0.0,0.2188,
Joao Sousa,66,21,45,13.787878787878787,0,0.4,0.4,-1,0.3182,1500.0,1410.5521927257096,0.2941,0.0,0.4074,
Juan Ignacio Londero,20,4,16,16.95,0,0.4,0.2,-1,0.2,1500.0,1409.6503127218925,0.2353,0.0,0.0,
Albert Ramos,151,64,87,8.463576158940397,0,0.3,0.0,-1,0.4238,1610.1187456259386,1408.160009532161,0.5306,0.0,0.2609,
Mikhail Kukushkin,37,9,28,22.054054054054053,3,0.3,0.4,-1,0.2432,1512.0,1407.4928171829588,0.0,0.0,0.3,
Jo-Wilfried Tsonga,18,3,15,18.22222222222222,1,0.2,0.2,-1,0.1667,1501.6529606300214,1405.6017678793999,0.0,0.0,0.3,
Stefano Travaglia,42,14,28,12.80952380952381,0,0.3,0.2,-1,0.3333,1571.9660451497332,1399.7920986230633,0.2143,0.25,0.4167,
Shintaro Mochizuki,22,3,19,28.363636363636363,1,0.3,0.0,-1,0.1364,1500.0,1395.5644752696658,0.0,0.0,0.1667,
Dennis Novak,30,7,23,22.9,0,0.2,0.0,-1,0.2333,1512.5972047038613,1391.6282620869806,0.1667,0.25,0.25,
Chun Hsin Tseng,26,5,21,24.73076923076923,2,0.2,0.2,-1,0.1923,1500.0,1388.0626891100317,0.25,0.0,0.1905,
Salvatore Caruso,25,5,20,14.48,0,0.1,0.2,-1,0.2,1512.814308212328,1384.8789388244813,0.1,0.0,0.3077,
Hugo Dellien,45,13,32,19.08888888888889,1,0.2,0.4,-1,0.2889,1500.0,1384.4045763418114,0.3421,0.0,0.0,
Constant Lestienne,53,16,37,13.88679245283019,1,0.2,0.0,-1,0.3019,1565.314566616396,1376.1218613370772,0.0,0.1429,0.3659,
Fernando Verdasco,31,7,24,19.774193548387096,1,0.1,0.0,-1,0.2258,1500.0,1368.4255532387015,0.3529,0.0,0.0833,
Feliciano Lopez,49,14,35,16.632653061224488,3,0.3,0.4,0,0.2857,1512.0147860198142,1342.7921297032456,0.25,0.375,0.2381,
Benoit Paire,78,19,59,11.666666666666666,1,0.2,0.4,-1,0.2436,1500.0,1320.7216502799356,0.2121,0.1667,0.2821,
