player,last_date,current_elo,peak_elo,win_rate_sm,wr_Clay_sm,wr_Grass_sm,wr_Hard_sm,avg_rest_days,matches_28d,streak,n_matches
Jannik Sinner,2025-07-13,2101.628565080531,2101.628565080531,0.7830188679245284,0.6901408450704225,0.717391304347826,0.8009049773755657,4.840909090909091,7,21,308
Novak Djokovic,2025-07-11,1983.1574984698902,2054.170123966877,0.8458333333333333,0.7764705882352941,0.8181818181818182,0.8473282442748091,6.017391304347826,6,-1,230
Carlos Alcaraz,2025-07-13,1948.3091401273452,1997.9289289887574,0.7821428571428571,0.794392523364486,0.7954545454545454,0.7315436241610739,5.3,7,-1,270
Alexander Zverev,2025-07-01,1859.9274831038429,1895.49462529874,0.7315436241610739,0.7452830188679245,0.625,0.7166666666666667,4.527777777777778,1,-2,288
Taylor Fritz,2025-07-11,1854.223513277736,1863.404180835508,0.6723549488054608,0.6060606060606061,0.673469387755102,0.6767676767676768,5.250883392226148,6,-1,283
Grigor Dimitrov,2025-07-07,1796.6673350524961,1865.4434468800616,0.6293103448275862,0.5901639344262295,0.59375,0.6352201257861635,6.54054054054054,4,-1,222
Daniil Medvedev,2025-07-01,1795.1606292343556,1924.0810275715,0.7458745874587459,0.6538461538461539,0.673469387755102,0.7612612612612613,5.0,1,-3,293
Alex De Minaur,2025-07-07,1783.5779752780813,1842.6716800219504,0.6285714285714286,0.559322033898305,0.6727272727272727,0.6236559139784946,5.607407407407408,4,-1,270
Sebastian Korda,2024-08-26,1759.4793660924327,1789.8744648933002,0.6153846153846154,0.5208333333333334,0.6,0.6301369863013698,6.595959595959596,12,1,199
Jack Draper,2025-07-03,1756.8188046559226,1780.0918468126142,0.5985915492957746,0.4666666666666667,0.6176470588235294,0.6122448979591837,8.742424242424242,2,-1,132
Karen Khachanov,2025-07-09,1742.2479869519514,1761.1727444625635,0.6153846153846154,0.5846153846153846,0.5757575757575758,0.621301775147929,6.0168776371308015,5,-1,237
Nick Kyrgios,2023-06-12,1739.4213749870855,1779.8734522983857,0.6666666666666666,0.5714285714285714,0.6451612903225806,0.6415094339622641,8.25,1,-2,68
Holger Rune,2025-07-01,1738.555175575782,1827.5167249244075,0.6153846153846154,0.611764705882353,0.5357142857142857,0.6170212765957447,6.25,1,-2,224
Hubert Hurkacz,2024-10-28,1737.306210684567,1807.3767918057022,0.6486486486486487,0.6071428571428571,0.6341463414634146,0.6483516483516484,5.7028112449799195,1,-2,249
Tommy Paul,2025-07-03,1730.789963616873,1790.457024823865,0.6046511627906976,0.49056603773584906,0.6382978723404256,0.6179775280898876,5.907258064516129,2,-1,248
Rafael Nadal,2024-11-19,1719.808663880889,1884.6991018672682,0.7321428571428571,0.7333333333333333,0.625,0.6785714285714286,9.009803921568627,1,-2,102
Stefanos Tsitsipas,2025-07-01,1717.6607466053524,1832.3158634284712,0.6955128205128205,0.7706422018348624,0.5428571428571428,0.6595744680851063,4.814569536423841,1,-2,302
Ben Shelton,2025-07-09,1711.7050051863273,1732.384146867823,0.572463768115942,0.4838709677419355,0.5357142857142857,0.5959595959595959,6.8125,5,-1,128
Matteo Berrettini,2025-07-01,1708.906285499472,1764.0700985288772,0.6910112359550562,0.7547169811320755,0.7391304347826086,0.5959595959595959,7.791666666666667,1,-1,168
Ugo Humbert,2025-07-01,1703.0445376762343,1762.7558983657827,0.5223880597014925,0.3333333333333333,0.5217391304347826,0.5789473684210527,7.293193717277487,1,-2,191
Andrey Rublev,2025-07-07,1687.077466289341,1832.7924137438636,0.678343949044586,0.6823529411764706,0.6388888888888888,0.6666666666666666,4.848684210526316,4,-1,304
Flavio Cobolli,2025-07-09,1681.8800656193291,1685.4509735482293,0.5319148936170213,0.5,0.5454545454545454,0.5370370370370371,9.904761904761905,5,-1,84
Arthur Fils,2024-12-18,1680.1497795086984,1704.9230423559932,0.5726495726495726,0.5581395348837209,0.5238095238095238,0.5733333333333334,7.046728971962617,1,-2,109
Lorenzo Musetti,2025-07-01,1674.2867717203692,1750.5406556380153,0.5403225806451613,0.6020408163265306,0.5897435897435898,0.4732824427480916,6.03781512605042,1,-4,238
Jordan Thompson,2025-07-07,1673.7043276668421,1680.3162666731325,0.5080213903743316,0.3333333333333333,0.5849056603773585,0.5206611570247934,8.016949152542374,4,-1,177
Casper Ruud,2024-11-11,1670.6877054360764,1846.4010767250438,0.6860068259385665,0.7681159420289855,0.47619047619047616,0.6114649681528662,4.968197879858657,6,1,286
Tomas Machac,2025-07-03,1667.357291787476,1708.8840512110912,0.5445544554455446,0.5666666666666667,0.4375,0.5466666666666666,11.87912087912088,2,-1,91
Gael Monfils,2025-07-03,1662.9952762419396,1688.2735689412243,0.5486111111111112,0.3870967741935484,0.5217391304347826,0.5909090909090909,9.082089552238806,2,-1,134
Frances Tiafoe,2025-07-03,1659.738862276158,1738.2450282071825,0.5887096774193549,0.5370370370370371,0.575,0.5977011494252874,6.226890756302521,2,-1,238
Jiri Lehecka,2025-07-03,1657.9876408824782,1720.3209532319443,0.5419354838709678,0.5121951219512195,0.5,0.5535714285714286,7.6689655172413795,2,-1,145
Alexei Popyrin,2025-07-01,1651.1727096090158,1680.0433197365555,0.4827586206896552,0.4897959183673469,0.35714285714285715,0.5128205128205128,8.664634146341463,1,-2,164
Felix Auger Aliassime,2025-07-03,1650.6862552393386,1806.5747957692374,0.6091954022988506,0.5652173913043478,0.5555555555555556,0.625,5.7370517928286855,2,-1,251
Cameron Norrie,2025-07-09,1639.7485172277984,1778.0016123215908,0.620817843866171,0.6511627906976745,0.6190476190476191,0.5900621118012422,5.652509652509653,5,-1,259
Tallon Griekspoor,2025-07-01,1633.4763198459182,1684.5129372821973,0.5105263157894737,0.46,0.5675675675675675,0.5121951219512195,7.8,1,-2,180
Francisco Cerundolo,2025-07-01,1629.030332504913,1693.3479122529504,0.5326633165829145,0.5925925925925926,0.46153846153846156,0.47058823529411764,7.137566137566138,1,-1,189
Denis Shapovalov,2025-07-01,1626.8245205364299,1658.4241214419085,0.545,0.5,0.55,0.553030303030303,7.094736842105263,1,-2,190
Jakub Mensik,2025-07-05,1618.9895355989065,1660.0874120217622,0.5645161290322581,0.55,0.47368421052631576,0.5813953488372093,9.826923076923077,3,-1,52
Brandon Nakashima,2025-07-05,1615.512574350975,1678.0269742318353,0.5434782608695652,0.48484848484848486,0.5384615384615384,0.553030303030303,7.350574712643678,3,-1,174
Roberto Bautista Agut,2025-07-01,1605.0393249434437,1685.0614145227182,0.5545023696682464,0.509090909090909,0.5952380952380952,0.5522388059701493,7.099502487562189,1,-3,201
Kei Nishikori,2024-10-21,1602.7812612345022,1626.8499378445752,0.56,0.56,0.4666666666666667,0.5636363636363636,9.246153846153845,6,-2,65
Pablo Carreno Busta,2024-10-02,1601.0912566327368,1689.77106103551,0.5973154362416108,0.6226415094339622,0.45,0.59375,6.899280575539568,3,-2,139
Jenson Brooksby,2025-07-03,1600.3196577548015,1663.4313415304105,0.5795454545454546,0.4117647058823529,0.5416666666666666,0.6119402985074627,7.923076923076923,2,-1,78
Marin Cilic,2025-07-07,1600.0835636672994,1701.1099020446873,0.5704225352112676,0.5277777777777778,0.6896551724137931,0.5360824742268041,8.068181818181818,4,-1,132
Alex Michelsen,2025-07-01,1599.946568455939,1629.0424467518021,0.5111111111111111,0.42105263157894735,0.5185185185185185,0.53125,7.5,1,-2,80
Emil Ruusuvuori,2024-07-29,1597.9756713723336,1660.5271694313162,0.5276381909547738,0.41304347826086957,0.48484848484848486,0.5673758865248227,6.98941798941799,4,1,190
Giovanni Mpetshi Perricard,2025-07-01,1596.327526402116,1609.951032793134,0.5333333333333333,0.5882352941176471,0.47368421052631576,0.5172413793103449,11.0,1,-2,35
Thanasi Kokkinakis,2024-11-23,1594.8736234622552,1603.2284796949239,0.48214285714285715,0.46153846153846156,0.5,0.4891304347826087,11.970588235294118,2,-1,102
Marcos Giron,2025-07-03,1593.5426002324127,1607.3444337476567,0.47342995169082125,0.40816326530612246,0.5238095238095238,0.4852941176470588,7.314720812182741,2,-1,197
David Goffin,2025-07-01,1589.6627922098758,1612.1383192808207,0.48344370860927155,0.5192307692307693,0.4583333333333333,0.47368421052631576,9.361702127659575,1,-2,141
Matteo Arnaldi,2025-07-01,1588.148030074577,1656.6869753781032,0.5145631067961165,0.5348837209302325,0.4,0.5230769230769231,8.806451612903226,1,-4,93
Joao Fonseca,2025-07-05,1586.7208747227367,1599.2166424614966,0.5757575757575758,0.47619047619047616,0.5,0.6666666666666666,17.217391304347824,3,-1,23
Nicolas Jarry,2025-07-07,1586.5633584027873,1682.213178864364,0.5373134328358209,0.5735294117647058,0.5454545454545454,0.484375,9.040322580645162,4,-1,124
Alejandro Davidovich Fokina,2025-07-05,1584.998511578212,1660.7676508082652,0.5047619047619047,0.56,0.4642857142857143,0.48031496062992124,7.075,3,-1,200
Alejandro Tabilo,2024-10-28,1584.3099579256248,1670.1097374951273,0.5172413793103449,0.5370370370370371,0.5416666666666666,0.4745762711864407,9.735849056603774,7,1,107
Miomir Kecmanovic,2025-07-05,1582.2782865929687,1623.8414527149612,0.4847161572052402,0.5066666666666667,0.45714285714285713,0.48201438848920863,6.80365296803653,3,-1,219
Juncheng Shang,2024-12-18,1576.6958465673672,1643.3289785243644,0.4857142857142857,0.375,0.5333333333333333,0.4918032786885246,13.05,1,-5,62
Marcelo Arevalo,2024-09-14,1576.1695625362297,1576.1695625362297,0.6842105263157895,0.5384615384615384,0.5,0.6,36.666666666666664,1,8,10
Milos Raonic,2024-07-29,1576.0027352975958,1596.489612809744,0.5348837209302325,0.45454545454545453,0.5263157894736842,0.5454545454545454,16.606060606060606,1,-2,33
Alex Molcan,2024-02-26,1573.3366097426908,1622.6058164226083,0.5238095238095238,0.6101694915254238,0.47058823529411764,0.42857142857142855,10.821052631578947,2,-1,95
Arthur Rinderknech,2025-07-05,1572.6978315628794,1586.0382638608405,0.47928994082840237,0.48,0.4375,0.4953271028037383,8.786163522012579,3,-1,159
Lorenzo Sonego,2025-07-07,1571.6215191990507,1615.7687117716118,0.4935064935064935,0.5138888888888888,0.5454545454545454,0.4666666666666667,6.642533936651584,4,-1,221
Nuno Borges,2025-07-05,1571.1814117988567,1586.4897205281825,0.45098039215686275,0.5121951219512195,0.3684210526315789,0.45161290322580644,11.16304347826087,3,-1,92
Yoshihito Nishioka,2025-07-01,1571.1476320005193,1619.5023696221783,0.4625,0.4878048780487805,0.4090909090909091,0.4700854700854701,9.32,1,-3,150
Marton Fucsovics,2025-07-05,1570.980523154201,1643.5847864414793,0.48554913294797686,0.48936170212765956,0.5588235294117647,0.4642857142857143,8.803680981595091,3,-1,163
Tomas Martin Etcheverry,2025-07-01,1569.9337819157115,1622.3161055563771,0.47297297297297297,0.5421686746987951,0.3684210526315789,0.42424242424242425,8.326086956521738,1,-2,138
Yannick Hanfmann,2024-09-18,1568.4694545585644,1612.2237598957665,0.4806201550387597,0.5443037974683544,0.44,0.4166666666666667,9.428571428571429,3,3,122
Aleksandar Vukic,2025-07-03,1566.9608760981369,1568.1804259675166,0.4519230769230769,0.4090909090909091,0.5333333333333333,0.4444444444444444,10.957446808510639,2,-1,94
Hamad Medjedovic,2025-07-01,1564.6587421265315,1589.3362178534703,0.52,0.42857142857142855,0.42857142857142855,0.6428571428571429,20.0,1,-2,40
Darian King,2024-09-14,1558.8813970160315,1567.2147480912367,0.65,0.5,0.5,0.631578947368421,33.0,1,1,11
Roman Safiullin,2025-07-01,1558.6332552974277,1641.6085212781468,0.46956521739130436,0.45161290322580644,0.5,0.475,11.39047619047619,1,-2,105
Michael Mmoh,2024-04-01,1558.0443313917624,1566.0897017615775,0.48,0.4444444444444444,0.5,0.5,15.95,1,1,42
Bu Yunchaokete,2025-07-01,1557.7665004689918,1579.3594302584197,0.5172413793103449,0.45454545454545453,0.45454545454545453,0.5555555555555556,14.736842105263158,1,-2,19
Zhizhen Zhang,2024-10-28,1555.3443219789126,1628.1084199557092,0.4864864864864865,0.5652173913043478,0.4583333333333333,0.4426229508196721,8.386138613861386,4,-6,101
Kamil Majchrzak,2025-07-07,1554.2320173968142,1560.406571801132,0.5166666666666667,0.45,0.5294117647058824,0.5348837209302325,15.62,4,-1,50
Cristian Garin,2025-07-03,1551.9473493475234,1610.9676721328751,0.5033112582781457,0.550561797752809,0.5416666666666666,0.41379310344827586,9.47517730496454,2,-1,141
Borna Gojo,2024-09-13,1550.3944355673018,1572.2687358865103,0.5,0.46153846153846156,0.4166666666666667,0.5348837209302325,21.473684210526315,1,1,38
Roberto Carballes Baena,2025-07-01,1547.3934690804133,1575.9429166607083,0.4382716049382716,0.5,0.36363636363636365,0.390625,9.282894736842104,1,-4,152
Dominik Koepfer,2024-10-14,1544.6726933697232,1572.6339132504665,0.4491525423728814,0.4523809523809524,0.391304347826087,0.4794520547945205,9.787037037037036,1,-3,108
Reilly Opelka,2025-07-03,1543.690572652726,1647.183663706201,0.514018691588785,0.5483870967741935,0.45454545454545453,0.5135135135135135,8.010309278350515,2,-1,97
Fabian Marozsan,2025-07-03,1543.5090247506291,1630.0732174277562,0.47619047619047616,0.4827586206896552,0.3888888888888889,0.5087719298245614,10.243243243243244,2,-1,74
Mohamed Safwat,2024-09-13,1543.3968361028003,1543.3968361028003,0.6,0.625,0.5,0.46153846153846156,39.0,1,4,11
Sebastian Baez,2025-07-01,1542.848280532892,1669.720725377984,0.5052631578947369,0.6347826086956522,0.38095238095238093,0.33783783783783783,7.311111111111111,1,-8,180
Mikael Ymer,2023-07-03,1540.9081638092962,1599.1224589183155,0.4956521739130435,0.45161290322580644,0.4782608695652174,0.5180722891566265,8.6,6,1,107
Zsombor Piros,2024-09-13,1539.7699890018825,1542.5566840623906,0.5714285714285714,0.5714285714285714,0.5,0.5555555555555556,41.0,1,2,12
Dominic Stricker,2024-10-21,1539.668721648589,1592.4602459672699,0.5,0.45,0.5,0.5121951219512195,15.625,4,1,49
John Isner,2023-08-28,1539.1139109705423,1659.4122675329882,0.5454545454545454,0.5666666666666667,0.5454545454545454,0.5189873417721519,9.73,4,1,101
Daniel Vallejo,2024-02-03,1535.5587132342207,1535.5587132342207,0.6153846153846154,0.5,0.5,0.5,30.0,1,3,4
Nam Hoang Ly,2024-02-02,1534.757199104424,1534.757199104424,0.6153846153846154,0.5,0.5,0.5833333333333334,30.0,1,3,4
Learner Tien,2025-07-03,1534.126622601057,1545.8865014829278,0.5,0.5,0.5,0.5,19.928571428571427,2,-1,14
Timofey Skatov,2024-10-14,1533.7333156992222,1559.2976991854673,0.5,0.6111111111111112,0.5,0.3888888888888889,33.3125,1,-3,16
Altug Celikbilek,2024-02-02,1533.6127741512998,1533.6127741512998,0.5652173913043478,0.45454545454545453,0.45454545454545453,0.6,35.46153846153846,1,2,13
Sebastian Ofner,2025-07-05,1532.0889505643593,1578.141313680493,0.449438202247191,0.40476190476190477,0.48,0.5,10.379746835443038,3,-1,79
Dusan Lajovic,2025-07-01,1531.9840277530075,1611.4826038553144,0.43103448275862066,0.4888888888888889,0.3684210526315789,0.4,8.53048780487805,1,-2,164
Borna Coric,2024-10-14,1531.7957399756,1671.6018643185494,0.5284552845528455,0.48717948717948717,0.4,0.5555555555555556,8.88495575221239,2,1,114
Benjamin Bonzi,2025-07-03,1530.5655876987632,1557.0579601500897,0.44144144144144143,0.34782608695652173,0.5172413793103449,0.45569620253164556,12.03960396039604,2,-1,101
Alexander Bublik,2025-07-01,1530.4724099362118,1691.9391085207874,0.5126050420168067,0.40384615384615385,0.6181818181818182,0.5099337748344371,6.473684210526316,1,-2,228
Rinky Hijikata,2025-07-03,1530.450538800965,1552.5116189672262,0.4473684210526316,0.375,0.5,0.46296296296296297,12.742424242424242,2,-1,66
Roger Federer,2021-06-28,1527.728640446059,1529.2940142413688,0.55,0.5333333333333333,0.5882352941176471,0.5,13.2,7,1,14
Christopher Oconnell,2024-11-04,1527.6229308426243,1570.8475078789722,0.4166666666666667,0.4,0.45,0.4367816091954023,11.081818181818182,3,1,112
Jan-Lennard Struff,2025-07-05,1527.2633806102392,1721.4886812814,0.5138121546961326,0.6212121212121212,0.5405405405405406,0.42857142857142855,8.543859649122806,3,-1,171
Aziz Dougaz,2024-09-13,1527.1518226277667,1535.1564364034652,0.5555555555555556,0.5,0.5,0.5714285714285714,48.625,1,1,9
Alex Knaff,2024-09-14,1527.145763053021,1534.328450662193,0.5882352941176471,0.5,0.5,0.5833333333333334,30.0,1,1,8
Tim Van Rijthoven,2024-06-10,1526.7279904015245,1608.3415370901712,0.5333333333333333,0.5,0.6190476190476191,0.42105263157894735,16.25,1,-2,20
Adrian Mannarino,2025-07-05,1525.008480292307,1708.445517563741,0.48868778280542985,0.23333333333333334,0.5490196078431373,0.51875,7.052132701421801,3,-1,211
Thiago Seyboth Wild,2024-10-21,1524.7388130705158,1538.4026936756325,0.41333333333333333,0.425531914893617,0.5,0.4117647058823529,12.707692307692307,5,-2,65
August Holmgren,2025-07-05,1523.6279608087038,1528.0805634299595,0.5238095238095238,0.5,0.5384615384615384,0.5,31.272727272727273,3,-1,11
Yuttana Charoenphon,2023-02-03,1523.5694842377552,1523.5694842377552,0.5833333333333334,0.5,0.5,0.5454545454545454,45.0,1,2,3
Andy Murray,2024-06-17,1523.5075955118978,1651.4099311310852,0.5,0.3888888888888889,0.5483870967741935,0.5,9.420634920634921,4,1,127
Laslo Djere,2025-07-01,1523.489071495437,1637.4310402568442,0.48717948717948717,0.5360824742268041,0.4074074074074074,0.46153846153846156,7.962162162162162,1,-2,185
Andres Andrade,2024-09-14,1523.185691787672,1523.185691787672,0.5833333333333334,0.5454545454545454,0.5,0.5,45.0,1,2,3
Stan Wawrinka,2024-11-04,1522.9664028074778,1630.4504340886613,0.45689655172413796,0.45454545454545453,0.5,0.4594594594594595,9.90566037735849,7,-2,106
Christian Harrison,2022-06-27,1521.6910342682759,1535.6000088421538,0.5625,0.45454545454545453,0.5,0.5714285714285714,25.0,1,1,7
Ricardas Berankis,2024-02-03,1521.3456993949874,1531.4434097490298,0.47761194029850745,0.375,0.47058823529411764,0.5434782608695652,14.894736842105264,1,1,58
Matteo Bellucci,2025-07-05,1520.443441251734,1529.2569938302306,0.5384615384615384,0.5,0.5384615384615384,0.5,11.333333333333334,3,-1,3
Quentin Halys,2025-07-01,1519.897058951673,1559.8329768690678,0.41975308641975306,0.5416666666666666,0.5,0.36363636363636365,14.816901408450704,1,-2,71
Matheus Pucinelli De Almeida,2023-02-03,1519.8029384169456,1521.188743913566,0.5714285714285714,0.5384615384615384,0.5,0.5,37.5,1,1,4
Gabriel Diallo,2025-07-03,1519.7893511818272,1535.754014199191,0.4473684210526316,0.45454545454545453,0.42857142857142855,0.48484848484848486,22.857142857142858,2,-1,28
Moez Echargui,2024-07-29,1519.5337062453816,1534.738708755077,0.5714285714285714,0.45454545454545453,0.5,0.5454545454545454,37.5,1,-1,4
Blaise Bicknell,2024-02-03,1519.487043703871,1521.2991047622384,0.5625,0.46153846153846156,0.5,0.5833333333333334,35.0,1,1,7
Antoine Bellier,2023-02-06,1518.2814139974805,1539.6952993060595,0.5294117647058824,0.5,0.5714285714285714,0.46153846153846156,21.428571428571427,1,-2,7
Elmer Moller,2025-07-01,1517.7413178532897,1525.1086535868017,0.5294117647058824,0.5454545454545454,0.45454545454545453,0.5333333333333333,47.142857142857146,1,-1,7
Jerome Kym,2024-10-21,1516.8166363544435,1524.1723629473345,0.5384615384615384,0.5,0.5,0.5384615384615384,42.666666666666664,1,-1,3
Corentin Moutet,2025-07-03,1516.7034087256977,1564.4510791100568,0.4491525423728814,0.4489795918367347,0.46153846153846156,0.4603174603174603,11.194444444444445,2,-1,108
Yibing Wu,2024-10-02,1516.4967039433066,1588.404357872579,0.4772727272727273,0.42105263157894735,0.4,0.5625,13.176470588235293,2,1,36
Pablo Llamas Ruiz,2024-04-22,1515.742405685467,1535.0464484396582,0.5,0.5,0.5,0.5,21.375,4,-2,8
Andrea Vavassori,2024-07-29,1515.5961904516232,1527.901215320456,0.4666666666666667,0.48,0.4166666666666667,0.5,24.35,1,1,21
Daniil Ostapenkov,2021-09-18,1515.0379685656108,1515.0379685656108,0.5454545454545454,0.5,0.5,0.5,30.0,1,1,2
Aslan Karatsev,2024-10-14,1514.8835136967202,1643.371174108486,0.49693251533742333,0.4909090909090909,0.4090909090909091,0.514018691588785,8.490196078431373,2,1,154
Lukas Pokorny,2024-02-02,1514.6052208722576,1514.6052208722576,0.5454545454545454,0.5454545454545454,0.5,0.5,30.0,1,1,1
Giles Hussey,2024-06-24,1514.3870082336118,1514.3870082336118,0.5454545454545454,0.5,0.5,0.5,30.0,1,1,2
Alexander Erler,2021-07-26,1514.2231270453924,1514.2231270453924,0.5454545454545454,0.5,0.5,0.5,30.0,1,1,2
Martin Damm,2024-03-18,1514.1005457901636,1514.1005457901636,0.5454545454545454,0.5,0.5,0.5384615384615384,30.0,1,1,3
Demetris Azoides,2024-09-14,1514.0942160734762,1514.0942160734762,0.5454545454545454,0.5,0.5,0.5454545454545454,30.0,1,1,1
Billy Harris,2025-07-03,1513.7470638894167,1555.0897319676164,0.5185185185185185,0.5,0.5454545454545454,0.4666666666666667,15.235294117647058,2,-1,17
Henrique Rocha,2024-09-13,1513.4653367164135,1513.4653367164135,0.5,0.42857142857142855,0.5,0.5833333333333334,44.833333333333336,1,1,6
Zizou Bergs,2025-07-01,1513.0762167325486,1537.280659754199,0.391304347826087,0.4230769230769231,0.4,0.4166666666666667,17.10169491525424,1,-2,59
Ergi Kirkin,2023-02-03,1512.800030441454,1512.800030441454,0.5384615384615384,0.5,0.5,0.5,50.0,1,2,3
Matej Dodig,2024-09-13,1512.7851769891906,1512.7851769891906,0.5384615384615384,0.5,0.5,0.5454545454545454,27.666666666666668,1,1,3
Alexander Shevchenko,2025-07-01,1512.666835112436,1574.5318211523484,0.44329896907216493,0.4473684210526316,0.4,0.46875,9.655172413793103,1,-3,87
Justin Engel,2024-10-14,1512.6268567994523,1512.6268567994523,0.5454545454545454,0.5,0.5,0.5,30.0,1,1,2
Jack Loutit,2024-09-14,1512.6185695123052,1512.6185695123052,0.5454545454545454,0.5,0.5,0.5454545454545454,30.0,1,1,1
Hady Habib,2024-09-14,1512.4840917159584,1512.4840917159584,0.5,0.4666666666666667,0.5,0.5833333333333334,47.125,1,1,8
Iliyan Radulov,2024-09-14,1512.414300586377,1512.414300586377,0.5454545454545454,0.5454545454545454,0.5,0.5,30.0,1,1,1
Gijs Brouwer,2024-06-24,1512.3512013060038,1575.5943130864757,0.4864864864864865,0.5263157894736842,0.4444444444444444,0.5,18.962962962962962,4,-2,27
Arthur Cazaux,2025-07-03,1512.3317152431996,1524.1100037139504,0.4146341463414634,0.375,0.4666666666666667,0.4666666666666667,20.419354838709676,2,-1,31
Matija Pecotic,2023-02-13,1512.2147830218528,1512.2147830218528,0.5454545454545454,0.5,0.5,0.5,30.0,1,1,2
Arklon Huertas Del Pino,2023-02-03,1512.0275974674084,1512.0275974674084,0.5454545454545454,0.5,0.5,0.5,30.0,1,1,1
Ainius Sabaliauskas,2022-09-17,1512.0,1512.0,0.5454545454545454,0.5,0.5,0.5454545454545454,30.0,1,1,1
Andrew Harris,2021-02-01,1512.0,1512.0,0.5454545454545454,0.5,0.5,0.5,30.0,1,1,2
Benedict Badza,2024-02-03,1512.0,1512.0,0.5454545454545454,0.5,0.5,0.5454545454545454,30.0,1,1,1
Boris Arias,2024-02-03,1512.0,1512.0,0.5454545454545454,0.5454545454545454,0.5,0.5,30.0,1,1,1
Christopher Rungkat,2023-02-04,1512.0,1512.0,0.5454545454545454,0.5,0.5,0.5,30.0,1,1,1
Conner Huertas Del Pino,2023-02-03,1512.0,1512.0,0.5454545454545454,0.5,0.5,0.5,30.0,1,1,1
David Jorda Sanchis,2024-04-01,1512.0,1512.0,0.5454545454545454,0.5,0.5,0.5,30.0,1,1,2
Digvijaypratap Singh,2023-09-16,1512.0,1512.0,0.5454545454545454,0.5,0.5,0.5454545454545454,30.0,1,1,1
Freddy Murray,2023-09-16,1512.0,1512.0,0.5454545454545454,0.5454545454545454,0.5,0.5,30.0,1,1,1
Genaro Alberto Olivieri,2023-05-29,1512.0,1512.0,0.5454545454545454,0.5384615384615384,0.5,0.5,30.0,1,1,3
Harry Bourchier,2021-02-01,1512.0,1512.0,0.5454545454545454,0.5,0.5,0.5,30.0,1,1,2
Johannes Seeman,2023-02-04,1512.0,1512.0,0.5454545454545454,0.5,0.5,0.5,30.0,1,1,1
Justin Barki,2021-09-17,1512.0,1512.0,0.5454545454545454,0.5,0.5,0.5,30.0,1,1,2
Luis Carlos Alvarez Valdes,2022-09-16,1512.0,1512.0,0.5454545454545454,0.5454545454545454,0.5,0.5,30.0,1,1,1
Martyn Pawelski,2024-09-13,1512.0,1512.0,0.5454545454545454,0.5,0.5,0.5454545454545454,30.0,1,1,1
Mousa Alkotop,2023-02-03,1512.0,1512.0,0.5454545454545454,0.5,0.5,0.5,30.0,1,1,2
Mustapha El Natour,2023-09-15,1512.0,1512.0,0.5454545454545454,0.5454545454545454,0.5,0.5,30.0,1,1,1
Nicolas Mahut,2021-02-02,1512.0,1512.0,0.5454545454545454,0.5,0.5,0.5454545454545454,30.0,1,1,1
Olaf Pieczkowski,2022-09-16,1512.0,1512.0,0.5454545454545454,0.5,0.5,0.5833333333333334,30.0,1,1,2
Oliver Ojakaar,2024-03-15,1512.0,1512.0,0.5454545454545454,0.5833333333333334,0.5,0.5,30.0,1,1,2
Orlando Luz,2021-09-18,1512.0,1512.0,0.5454545454545454,0.5454545454545454,0.5,0.5,30.0,1,1,1
Raphael Calzi,2023-02-04,1512.0,1512.0,0.5454545454545454,0.5,0.5,0.5,30.0,1,1,1
Ruan Roelofse,2021-09-18,1512.0,1512.0,0.5454545454545454,0.5,0.5,0.5454545454545454,30.0,1,1,1
Sylvestre Monnou,2022-03-04,1512.0,1512.0,0.5454545454545454,0.5,0.5,0.5454545454545454,30.0,1,1,1
Tom Kocevar Desman,2021-09-17,1512.0,1512.0,0.5454545454545454,0.5454545454545454,0.5,0.5,30.0,1,1,1
Tristan Lamasine,2021-01-05,1512.0,1512.0,0.5454545454545454,0.5,0.5,0.5,30.0,1,1,2
Gonzalo Escobar,2024-09-14,1511.999487426929,1511.999487426929,0.5454545454545454,0.5,0.5,0.5454545454545454,30.0,1,1,1
Bernard Tomic,2021-02-08,1511.9856905714691,1511.9856905714691,0.5454545454545454,0.5,0.5,0.5,30.0,1,1,2
Remy Bertola,2024-09-13,1511.9074590075586,1511.9074590075586,0.5454545454545454,0.5,0.5,0.5454545454545454,30.0,1,1,1
Pedja Krstin,2021-05-24,1511.8213077663822,1511.8213077663822,0.5454545454545454,0.5,0.5,0.5,30.0,1,1,2
Mats Moraing,2021-05-24,1511.6964050627096,1511.6964050627096,0.5454545454545454,0.5,0.5,0.5,30.0,1,1,2
Cezar Cretu,2024-09-13,1511.6679471053226,1511.6679471053226,0.5454545454545454,0.5,0.5,0.5833333333333334,30.0,1,1,2
Diego Fernandez Flores,2022-03-04,1511.585699413623,1511.585699413623,0.5454545454545454,0.5454545454545454,0.5,0.5,30.0,1,1,1
Alexandre Muller,2025-07-01,1511.489284673586,1548.5119156255546,0.4266666666666667,0.4857142857142857,0.4666666666666667,0.4,12.76923076923077,1,-3,65
Juan Pablo Ficovich,2022-01-31,1511.4041887078224,1511.4041887078224,0.5454545454545454,0.5,0.5,0.5,30.0,1,1,2
Romain Arneodo,2024-09-14,1511.389970172371,1511.389970172371,0.5454545454545454,0.5454545454545454,0.5,0.5,30.0,1,1,1
Matwe Middelkoop,2023-02-04,1511.2511882476635,1511.2511882476635,0.5454545454545454,0.5,0.5,0.5454545454545454,30.0,1,1,1
Lucas Miedler,2024-02-03,1511.233149116683,1511.233149116683,0.5454545454545454,0.5,0.5,0.5454545454545454,30.0,1,1,1
Niki Kaliyanda Poonacha,2024-02-03,1511.2196688942965,1511.2196688942965,0.5454545454545454,0.5,0.5454545454545454,0.5,30.0,1,1,1
Colin Sinclair,2023-02-03,1511.1733679181373,1511.1733679181373,0.5454545454545454,0.5,0.5,0.5,30.0,1,1,2
Liova Ayite Ajavon,2024-09-14,1511.1581267144327,1511.1581267144327,0.5454545454545454,0.5,0.5,0.5454545454545454,30.0,1,1,1
Jacopo Berrettini,2023-02-27,1510.9156454484867,1510.9156454484867,0.5454545454545454,0.5,0.5,0.5,30.0,1,1,2
Thomas Yaka Kofi Setodji,2024-09-14,1510.8116311901072,1511.585699413623,0.5384615384615384,0.5,0.5,0.5714285714285714,30.0,1,1,4
Sina Moghimi,2024-03-15,1510.736619052666,1510.736619052666,0.5454545454545454,0.5,0.5,0.5,30.0,1,1,2
Aleksandre Bakshi,2024-09-14,1510.6749051684508,1510.6749051684508,0.5384615384615384,0.5,0.5,0.5384615384615384,50.0,1,2,4
Ioannis Xilas,2024-09-14,1510.3810259958898,1512.0,0.5,0.5,0.5,0.5,45.0,1,-1,2
Karlis Ozolins,2023-02-04,1510.2966460172643,1511.984053787465,0.5384615384615384,0.5,0.5,0.5,30.0,1,1,4
Kasidit Samrej,2023-02-03,1510.179876674769,1523.5305588123042,0.5333333333333333,0.5,0.5,0.5714285714285714,30.0,1,-1,6
Rio Noguchi,2022-10-03,1510.1582056580867,1510.1582056580867,0.5454545454545454,0.5,0.5,0.5,30.0,1,1,2
Yu Hsiou Hsu,2024-02-03,1509.6610036583452,1528.6500958970953,0.47058823529411764,0.5,0.5,0.47058823529411764,26.428571428571427,1,-2,7
Lukas Lacko,2021-06-14,1509.6542364091747,1509.6542364091747,0.5454545454545454,0.5,0.5,0.5,30.0,1,1,2
Oliver Tarvet,2025-07-03,1509.3545414222524,1511.2880715053818,0.5,0.5,0.5,0.5,16.0,2,-1,2
Thiago Agustin Tirante,2024-10-14,1508.6555878998017,1527.5715066520177,0.48148148148148145,0.5,0.5,0.46153846153846156,23.941176470588236,1,-2,17
Jack Pinnington Jones,2025-07-03,1507.5414687487737,1514.8722787989932,0.5,0.5,0.5,0.5,16.0,2,-1,2
Luciano Darderi,2025-07-05,1507.444726636081,1608.888190466346,0.4925373134328358,0.6136363636363636,0.5,0.28,7.859649122807017,3,-1,57
Valentin Royer,2025-07-03,1507.1434365351683,1519.1097710735953,0.5,0.5,0.5,0.5,16.0,2,-1,2
Beibit Zhukayev,2025-07-01,1506.193056638256,1521.8160180483517,0.45,0.5,0.45454545454545453,0.47368421052631576,30.0,1,-2,10
Aristotelis Thanos,2024-09-14,1506.1357042153381,1517.1634041163727,0.5,0.5454545454545454,0.5,0.46153846153846156,52.5,1,-1,4
Sanjar Fayziev,2022-03-04,1505.7293125131985,1505.7293125131985,0.5,0.5,0.5,0.46153846153846156,45.0,1,1,3
Botic van de Zandschulp,2025-07-03,1505.6699114488338,1666.2466412582387,0.5126903553299492,0.5192307692307693,0.4838709677419355,0.5149253731343284,7.754010695187166,2,-1,187
Coleman Wong,2024-10-14,1505.5390423012248,1534.5612935037204,0.5,0.5,0.45454545454545453,0.5217391304347826,28.857142857142858,4,-3,14
Ignacio Buse,2024-09-13,1504.8183987510233,1528.114946527133,0.5,0.5454545454545454,0.5,0.46153846153846156,37.5,1,-2,4
Alexis Galarneau,2023-09-16,1504.006921184549,1504.006921184549,0.4666666666666667,0.45454545454545453,0.5,0.5,38.0,2,2,5
Gabi Adrian Boitan,2024-09-13,1503.7933632835702,1503.7933632835702,0.5,0.45454545454545453,0.5,0.5,45.0,1,1,3
Ilya Ivashka,2023-08-28,1503.098046877181,1649.647685649574,0.5234375,0.47619047619047616,0.5,0.5526315789473685,7.61864406779661,5,-3,118
Mattia Bellucci,2024-10-02,1502.9575101747464,1504.1127139155424,0.4583333333333333,0.45454545454545453,0.45454545454545453,0.4782608695652174,15.571428571428571,4,1,15
Otto Virtanen,2024-10-14,1502.7622834055992,1518.5666047597629,0.45454545454545453,0.4166666666666667,0.5,0.4666666666666667,28.434782608695652,1,1,24
Ugo Blanchet,2024-07-15,1502.4149431825256,1502.4149431825256,0.5,0.5,0.5,0.45454545454545453,45.0,1,1,3
Mario Vilella Martinez,2021-07-26,1502.0276234239943,1524.0,0.5,0.4666666666666667,0.5,0.5,25.625,1,1,9
Franco Agamenone,2022-07-25,1501.653528138994,1501.653528138994,0.5,0.5333333333333333,0.5,0.5,45.0,1,1,5
Pavel Kotov,2024-11-04,1501.6189954910567,1591.97176323038,0.4606741573033708,0.5238095238095238,0.5,0.41509433962264153,12.772151898734178,2,-4,79
Filip Horansky,2022-03-04,1501.4480352942944,1501.4480352942944,0.5,0.45454545454545453,0.5,0.5,45.0,1,1,3
Alexandros Skorilas,2023-09-16,1501.299939198927,1512.0,0.5,0.5,0.5,0.5,45.0,1,-1,2
Fitriadi M Rifqi,2024-02-03,1501.200514892222,1501.200514892222,0.5,0.5,0.5,0.5384615384615384,37.5,1,1,5
Fabio Fognini,2025-07-01,1501.064646197279,1571.7622967249242,0.4527027027027027,0.5,0.5,0.40540540540540543,10.094202898550725,1,-5,138
Petr Nesterov,2024-09-14,1501.047942715905,1511.1680135801662,0.5,0.45454545454545453,0.5,0.5454545454545454,45.0,1,-1,2
Nicolas Alvarez Varona,2022-10-10,1500.961707358949,1500.961707358949,0.5,0.45454545454545453,0.5,0.5,45.0,1,1,3
Nicolai Budkov Kjaer,2024-09-13,1500.9322033786138,1500.9322033786138,0.5,0.4166666666666667,0.5,0.5833333333333334,37.5,1,2,4
Hugo Nys,2024-09-14,1500.789102283262,1500.789102283262,0.5,0.5454545454545454,0.5,0.45454545454545453,45.0,1,1,2
Daniel Cukierman,2024-09-13,1500.759119169119,1500.759119169119,0.5,0.5,0.5,0.5,41.25,1,1,8
Benjamin Balleret,2024-09-14,1500.7581809271105,1500.7581809271105,0.5,0.5,0.5,0.5,45.0,1,1,2
Juan Alejandro Hernandez Serrano,2022-08-01,1500.4855719188724,1500.4855719188724,0.5,0.5,0.5,0.46153846153846156,45.0,1,1,3
Aqeel Khan,2024-09-14,1500.4325072650443,1500.8001564407266,0.5,0.5,0.5,0.5454545454545454,41.25,1,1,8
Karim Mohamed Maamoun,2023-09-16,1500.414300586377,1500.414300586377,0.5,0.5,0.5,0.5,45.0,1,1,2
Stylianos Christodoulou,2024-02-03,1500.414300586377,1500.414300586377,0.5,0.45454545454545453,0.5,0.5454545454545454,45.0,1,1,2
Ryan Peniston,2023-07-03,1500.2411716775696,1547.3918442099978,0.4782608695652174,0.5,0.5,0.45454545454545453,13.692307692307692,4,-3,13
Johan Nikles,2022-05-16,1500.101063145013,1500.101063145013,0.5,0.46153846153846156,0.5,0.5,45.0,1,1,3
Aziz Ouakaa,2021-11-26,1500.0142917836072,1500.0142917836072,0.5,0.5454545454545454,0.5,0.45454545454545453,45.0,1,1,2
Zura Tkemaladze,2024-02-03,1499.90504609508,1512.0,0.5,0.5,0.5,0.4166666666666667,45.0,1,-1,3
Martin Cuevas,2022-09-16,1499.898529556714,1499.898529556714,0.5,0.46153846153846156,0.5,0.5,45.0,1,1,3
Alvaro Guillen Meza,2024-02-02,1499.8945183783655,1511.5432685656713,0.5,0.5,0.5,0.5,45.0,1,-1,2
Thiago Monteiro,2024-11-04,1499.7857206060019,1572.0454875869957,0.4330708661417323,0.4647887323943662,0.375,0.423728813559322,11.136752136752136,2,-2,117
Alastair Gray,2022-06-27,1499.6466131775564,1499.6466131775564,0.5,0.5,0.46153846153846156,0.5,45.0,1,1,3
Alan Fernando Rubio Fierros,2024-09-14,1499.626970246771,1499.626970246771,0.5,0.45454545454545453,0.5,0.5,45.0,1,1,3
Juan Carlos Fuentes Vasquez,2024-09-14,1499.585699413623,1512.0,0.5,0.45454545454545453,0.5,0.5454545454545454,45.0,1,-1,2
Hernando Jose Escurra Isnardi,2023-02-03,1499.5798796723175,1512.0,0.5,0.5454545454545454,0.5,0.5,45.0,1,-1,2
Federico Agustin Gomez,2024-09-18,1499.5492502426039,1499.5492502426039,0.5,0.45454545454545453,0.5,0.5,45.0,1,1,3
Conor Gannon,2024-09-13,1499.2866112557042,1511.143212796064,0.5,0.46153846153846156,0.5,0.5,45.0,1,-1,3
Yuta Shimizu,2022-10-03,1499.1007833554547,1512.0,0.5,0.5,0.5454545454545454,0.45454545454545453,45.0,1,-1,2
Paul Jubb,2024-07-01,1499.0762444130776,1522.346874643072,0.47058823529411764,0.5,0.47058823529411764,0.5,15.857142857142858,5,-2,7
Lukas Neumayer,2024-09-13,1499.0422527731766,1500.5791817936404,0.5,0.5333333333333333,0.5,0.5,35.75,1,1,5
Jozef Kovalik,2024-09-15,1498.8475453696142,1523.5718836268343,0.45,0.5,0.5,0.3888888888888889,23.033333333333335,3,1,30
Hiroki Moriya,2022-10-03,1498.8153326899542,1498.8153326899542,0.5,0.5,0.5,0.46153846153846156,18.5,2,1,3
Franco Roncadelli,2024-09-13,1498.7611036730407,1500.0142917836072,0.5,0.5333333333333333,0.5,0.5,37.5,1,1,5
Soon Woo Kwon,2024-09-13,1498.6335639682875,1596.395152304564,0.47368421052631576,0.4666666666666667,0.5,0.47619047619047616,10.740384615384615,2,1,104
Laurynas Grigelis,2022-03-04,1498.4011719979094,1511.201328438636,0.5,0.5,0.45454545454545453,0.5454545454545454,45.0,1,-1,2
Matteo Gigante,2024-05-06,1498.2801724353715,1498.2801724353715,0.5,0.46153846153846156,0.5,0.5,32.5,1,1,3
Saba Purtseladze,2024-09-14,1498.0361003341136,1522.9204812856333,0.5,0.5,0.5,0.42857142857142855,37.5,1,-2,5
N Sriram Balaji,2024-09-14,1497.9629835403798,1512.0269974625467,0.5,0.5,0.5454545454545454,0.45454545454545453,45.0,1,-1,2
Hong Kit Jack Wong,2024-02-03,1497.9404098429025,1512.0,0.5,0.5,0.5,0.5,52.5,1,1,4
Jeremy Chardy,2023-07-03,1497.9080987567065,1576.85900688937,0.49056603773584906,0.4090909090909091,0.4,0.5833333333333334,10.627906976744185,1,-4,43
Nerman Fatic,2024-02-03,1497.8034193998512,1499.9081936953241,0.5,0.46153846153846156,0.5,0.5454545454545454,52.5,1,1,4
Yassine Dlimi,2024-09-14,1497.7033176430198,1511.1549662210339,0.5,0.45454545454545453,0.5,0.5384615384615384,37.5,1,-1,4
Matthew Ebden,2024-07-29,1497.6730077478708,1547.5484699856354,0.4782608695652174,0.45454545454545453,0.45454545454545453,0.5238095238095238,19.384615384615383,1,-5,13
Filip Cristian Jianu,2023-02-03,1497.6085745815953,1497.6085745815953,0.5,0.5,0.5,0.45454545454545453,45.0,1,1,3
Aisam Ul Haq Qureshi,2024-02-03,1497.4513011552338,1512.3999911578462,0.5,0.5,0.5,0.5,52.5,1,-1,4
Robert Strombachs,2024-02-02,1497.3999621836087,1511.936203027307,0.5,0.5,0.5,0.5333333333333333,45.0,1,-1,6
Filip Misolic,2025-07-01,1497.315062112114,1554.9386121670811,0.4827586206896552,0.5416666666666666,0.45454545454545453,0.42857142857142855,23.05263157894737,1,-3,19
Mateus Alves,2023-02-20,1497.0428845391089,1497.0428845391089,0.45454545454545453,0.45454545454545453,0.5,0.5,30.0,1,-1,1
Max Purcell,2024-08-26,1496.358575044848,1536.455049546494,0.40217391304347827,0.42857142857142855,0.4642857142857143,0.390625,12.853658536585366,4,1,83
Kyrian Jacquet,2024-08-26,1496.2142052184302,1496.2142052184302,0.45454545454545453,0.5,0.5,0.45454545454545453,30.0,1,-1,1
Yosuke Watanuki,2024-10-02,1495.6740409773024,1540.2568017685787,0.4523809523809524,0.47058823529411764,0.5333333333333333,0.4375,25.46875,1,1,34
Omar Jasika,2024-01-15,1495.4406942309677,1495.4406942309677,0.45454545454545453,0.5,0.5,0.45454545454545453,30.0,1,-1,1
Jack Monday,2025-07-01,1495.2936708802029,1495.2936708802029,0.45454545454545453,0.5,0.45454545454545453,0.5,30.0,1,-1,1
Kaichi Uchida,2022-10-03,1495.0946925212322,1512.9619071259676,0.4666666666666667,0.5,0.5454545454545454,0.42857142857142855,30.6,3,-2,5
Chris Rodesch,2025-07-01,1494.9511078760454,1520.4726419944502,0.5,0.5,0.45454545454545453,0.5,33.75,1,-2,8
Mackenzie McDonald,2025-07-01,1494.945968053049,1494.945968053049,0.45454545454545453,0.3448275862068966,0.4722222222222222,0.5147058823529411,30.0,1,-1,171
Alejandro Moro Canas,2024-07-01,1494.890847253193,1513.4760209648975,0.46153846153846156,0.5,0.45454545454545453,0.5,30.0,1,-2,3
Zdenek Kolar,2022-06-27,1494.6365232322282,1509.6683283111238,0.46153846153846156,0.5,0.45454545454545453,0.5,21.666666666666668,1,-2,3
Nicolas Barrientos,2023-02-03,1494.4205461832432,1500.0167504999954,0.46153846153846156,0.5,0.5,0.45454545454545453,45.666666666666664,1,-1,3
Santiago Fa Rodriguez Taverna,2022-05-23,1494.3307277105712,1494.3307277105712,0.45454545454545453,0.45454545454545453,0.5,0.5,30.0,1,-1,1
Francisco Cabral,2024-07-29,1494.328992726228,1494.328992726228,0.45454545454545453,0.45454545454545453,0.5,0.5,30.0,1,-1,1
Jacob Fearnley,2025-07-01,1493.871333766474,1511.144911704086,0.4375,0.5,0.42857142857142855,0.5,26.166666666666668,1,-2,6
Tung Lin Wu,2024-09-14,1493.7741911450667,1499.3400209545161,0.45,0.5,0.5,0.47619047619047616,34.7,1,1,11
Vladyslav Orlov,2024-02-01,1493.5826724384806,1501.071644938483,0.4666666666666667,0.5,0.5,0.42857142857142855,42.0,1,-1,5
Philip Sekulic,2023-10-02,1493.5445006061418,1511.2173167954834,0.46153846153846156,0.5,0.5,0.46153846153846156,14.0,3,-2,3
Joaquin  Aguilar Cardozo ,2024-09-13,1493.3276030710012,1512.008867342589,0.5,0.5,0.5,0.5,37.5,1,-1,4
Alibek Kachmazov,2024-09-18,1493.2992037357665,1493.2992037357665,0.4666666666666667,0.5,0.5,0.5,31.0,1,1,8
Jan Zielinski,2022-01-03,1492.9248750043191,1492.9248750043191,0.45454545454545453,0.5,0.5,0.45454545454545453,30.0,1,-1,1
Alejandro Gonzalez,2022-03-04,1492.651641326084,1492.651641326084,0.45454545454545453,0.5,0.5,0.45454545454545453,30.0,1,-1,1
Benjamin Hassan,2024-10-14,1492.5551546198133,1505.036655598964,0.46153846153846156,0.5263157894736842,0.5,0.4,31.5625,1,-1,16
Adria Soriano Barrera,2024-09-14,1492.2299713453158,1501.8082639631048,0.46153846153846156,0.5,0.5,0.45454545454545453,30.0,1,-1,3
Carlos Gimeno Valero,2022-05-02,1491.9843679548223,1491.9843679548223,0.45454545454545453,0.45454545454545453,0.5,0.5,30.0,1,-1,1
Facundo Diaz Acosta,2024-10-14,1491.8642446342628,1561.2427663360384,0.46,0.5526315789473685,0.45454545454545453,0.3333333333333333,13.675,2,-3,40
Ivan Gakhov,2024-04-15,1491.7968401722542,1503.6473178699262,0.42857142857142855,0.42857142857142855,0.5,0.5,37.5,1,-2,4
Nick Hardt,2024-07-15,1491.4195657973376,1511.5217929101798,0.47058823529411764,0.46153846153846156,0.5,0.5,30.0,1,-2,7
Michael Geerts,2022-10-17,1491.4164192523708,1511.2411833029842,0.46153846153846156,0.5454545454545454,0.5,0.4166666666666667,40.0,1,-2,3
Omni Kumar,2024-08-19,1491.3184062556836,1513.6420269130087,0.4666666666666667,0.5,0.5,0.4666666666666667,22.2,1,-2,5
Ye Cong Mo,2023-09-20,1491.3175311737525,1491.3175311737525,0.45454545454545453,0.5,0.5,0.45454545454545453,30.0,1,-1,1
Chak Lam Coleman Wong,2024-01-01,1491.22411085583,1491.22411085583,0.45454545454545453,0.5,0.5,0.45454545454545453,30.0,1,-1,1
Maxime Janvier,2024-07-01,1491.0982648264405,1491.0982648264405,0.45454545454545453,0.5,0.45454545454545453,0.5,30.0,1,-1,1
Andreja Petrovic,2023-02-03,1491.015532189825,1491.015532189825,0.45454545454545453,0.5,0.5,0.45454545454545453,30.0,1,-1,1
Hugo Gaston,2025-07-01,1490.9481910109118,1571.7906289864839,0.42,0.4782608695652174,0.47058823529411764,0.38596491228070173,14.022222222222222,1,-2,90
Mark Lajal,2024-09-13,1490.9012734557675,1490.9012734557675,0.4375,0.4166666666666667,0.45454545454545453,0.5,35.0,1,1,7
Brandon Perez,2021-09-18,1490.6792503716263,1490.6792503716263,0.45454545454545453,0.5,0.5,0.45454545454545453,30.0,1,-1,1
Nikolas Sanchez Izquierdo,2024-05-20,1490.6450032381354,1490.6450032381354,0.45454545454545453,0.45454545454545453,0.5,0.5,30.0,1,-1,1
Louis Wessels,2023-06-19,1490.61816499878,1490.61816499878,0.45454545454545453,0.5,0.45454545454545453,0.5,30.0,1,-1,1
Mariano Navone,2025-07-03,1490.55160816876,1595.3646732438292,0.4444444444444444,0.5555555555555556,0.4,0.34782608695652173,8.295454545454545,2,-1,44
Alexander Zgirovsky,2021-09-18,1490.5467890074426,1490.5467890074426,0.45454545454545453,0.45454545454545453,0.5,0.5,30.0,1,-1,1
Oriol Roca Batalla,2023-05-22,1490.4420720561352,1490.4420720561352,0.45454545454545453,0.45454545454545453,0.5,0.5,30.0,1,-1,1
Evan Furness,2022-09-19,1490.4029185686131,1490.4029185686131,0.45454545454545453,0.5,0.5,0.45454545454545453,30.0,1,-1,1
Arthur Fery,2025-07-03,1490.2344696222895,1502.231948188944,0.42857142857142855,0.5,0.42857142857142855,0.5,38.0,2,-1,4
Adam Neff,2024-02-05,1490.034180761781,1490.034180761781,0.45454545454545453,0.5,0.5,0.45454545454545453,30.0,1,-1,1
Yousaf Khalil,2024-09-14,1490.0144422761048,1490.0144422761048,0.45454545454545453,0.5,0.5,0.45454545454545453,30.0,1,-1,1
Chun-Hsin Tseng,2025-07-01,1489.9905898508089,1489.9905898508089,0.2702702702702703,0.42857142857142855,0.4166666666666667,0.2903225806451613,26.037037037037038,1,-5,27
Heve Kelley,2024-02-02,1489.9164478644889,1489.9164478644889,0.45454545454545453,0.5,0.5,0.45454545454545453,30.0,1,-1,1
Francisco Llanes,2021-09-18,1489.8833737652828,1489.8833737652828,0.45454545454545453,0.45454545454545453,0.5,0.5,30.0,1,-1,1
Matic Kriznik,2024-02-02,1489.8283707598396,1511.5861725846826,0.46153846153846156,0.5454545454545454,0.5,0.4166666666666667,50.0,1,-2,4
Mubarak Shannan Zayid,2021-03-08,1489.7199217758653,1489.7199217758653,0.45454545454545453,0.5,0.5,0.45454545454545453,30.0,1,-1,1
James McCabe,2025-07-01,1489.6629227394658,1489.6629227394658,0.45454545454545453,0.5,0.4166666666666667,0.38461538461538464,30.0,1,-1,5
Kris Van Wyk,2024-02-02,1489.626775893638,1489.626775893638,0.46153846153846156,0.5,0.5,0.5,30.0,1,1,4
Nicholas David Ionel,2024-02-03,1489.6198133279938,1509.6972413552044,0.4666666666666667,0.5,0.5,0.45454545454545453,30.0,1,-1,5
Joao Faria,2025-07-01,1489.5975110315726,1489.5975110315726,0.45454545454545453,0.5,0.45454545454545453,0.5,30.0,1,-1,1
Clement Mainguy,2023-02-03,1489.592230430221,1489.592230430221,0.45454545454545453,0.5,0.5,0.5,30.0,1,-1,2
Sebastian Fanselow,2024-05-20,1489.5065363828458,1489.5065363828458,0.45454545454545453,0.45454545454545453,0.5,0.5,30.0,1,-1,1
Isaac Becroft,2022-09-16,1489.426276756816,1489.426276756816,0.45454545454545453,0.5,0.5,0.45454545454545453,30.0,1,-1,1
Matthew Forbes,2024-08-26,1489.4173880516717,1489.4173880516717,0.45454545454545453,0.5,0.5,0.45454545454545453,30.0,1,-1,1
Viacheslav Bielinskyi,2024-02-01,1489.3339533961116,1500.4755551633655,0.46153846153846156,0.5,0.5,0.4166666666666667,50.0,1,-1,3
Yanaki Milev,2024-09-14,1489.2957204748077,1490.565070264162,0.46153846153846156,0.5384615384615384,0.5,0.45454545454545453,50.0,1,1,4
Javier Barranco Cosano,2024-05-20,1489.2140690870976,1489.2140690870976,0.45454545454545453,0.45454545454545453,0.5,0.5,30.0,1,-1,1
Patrick Kaukovalta,2023-11-21,1489.2025853129107,1489.2025853129107,0.45454545454545453,0.5,0.5,0.45454545454545453,30.0,1,-1,1
Alex Rybakov,2023-02-06,1489.2020603058695,1489.2020603058695,0.45454545454545453,0.5,0.5,0.45454545454545453,30.0,1,-1,1
William Blumberg,2022-07-11,1489.0070094918394,1489.0070094918394,0.45454545454545453,0.5,0.45454545454545453,0.5,30.0,1,-1,1
Theo Papamalamis,2024-11-04,1488.9173277514026,1488.9173277514026,0.45454545454545453,0.5,0.5,0.45454545454545453,30.0,1,-1,1
Illia Biloborodko,2022-09-15,1488.9115887760877,1488.9115887760877,0.45454545454545453,0.5,0.5,0.45454545454545453,30.0,1,-1,1
Jesse Flores,2024-02-02,1488.8121751694011,1488.8121751694011,0.45454545454545453,0.5,0.5,0.45454545454545453,30.0,1,-1,1
Karam Hatamleh,2023-02-03,1488.8109872991158,1488.8109872991158,0.45454545454545453,0.5,0.5,0.5,30.0,1,-1,1
Juan Carlos Prado Angelo,2024-02-03,1488.8106880224998,1488.8106880224998,0.46153846153846156,0.5454545454545454,0.5,0.5,30.0,1,1,3
Trent Bryde,2021-07-26,1488.7820699307338,1488.7820699307338,0.45454545454545453,0.5,0.5,0.45454545454545453,30.0,1,-1,1
Manuel Guinard,2024-11-04,1488.7729336711855,1509.1038486606008,0.45,0.4666666666666667,0.5,0.4666666666666667,19.2,1,-2,10
Simon Carr,2023-02-03,1488.771559218185,1512.0,0.46153846153846156,0.5,0.5,0.5,30.0,1,-2,3
Gonzalo Villanueva,2022-08-01,1488.7454256252681,1488.7454256252681,0.45454545454545453,0.5,0.5,0.45454545454545453,30.0,1,-1,1
Maxim Shin,2024-02-02,1488.7354129801447,1488.7354129801447,0.45454545454545453,0.5,0.5,0.45454545454545453,30.0,1,-1,1
Daniil Glinka,2021-09-17,1488.6794191240422,1488.6794191240422,0.45454545454545453,0.5,0.5,0.45454545454545453,30.0,1,-1,1
Evgenii Tiurnev,2021-10-25,1488.6793846148296,1488.6793846148296,0.45454545454545453,0.5,0.5,0.45454545454545453,30.0,1,-1,1
Nicolas Alvarez,2022-09-17,1488.6311707453083,1500.213832083812,0.46153846153846156,0.42857142857142855,0.5,0.5,30.0,1,-1,4
Kevin Krawietz,2024-02-02,1488.6000923685538,1488.6000923685538,0.45454545454545453,0.5,0.5,0.45454545454545453,30.0,1,-1,1
Rodrigo Crespo Piedra,2024-02-02,1488.5522516167075,1488.5522516167075,0.45454545454545453,0.5,0.5,0.45454545454545453,30.0,1,-1,1
Nikola Milojevic,2022-01-31,1488.5480833066633,1499.0531643559239,0.4666666666666667,0.4666666666666667,0.5,0.45454545454545453,23.6,2,1,6
Diego Duran,2024-02-02,1488.5184433292045,1488.5184433292045,0.46153846153846156,0.45454545454545453,0.5,0.5454545454545454,50.0,1,1,3
Daniel Masur,2021-06-28,1488.4883512391277,1488.4883512391277,0.45454545454545453,0.5,0.45454545454545453,0.5,30.0,1,-1,1
Dustin Brown,2021-06-07,1488.4468488923987,1488.4468488923987,0.45454545454545453,0.5,0.45454545454545453,0.5,30.0,1,-1,1
Sam Riffice,2021-08-30,1488.4299747629198,1488.4299747629198,0.45454545454545453,0.5,0.5,0.45454545454545453,30.0,1,-1,1
Lucky Candra Kurniawan,2022-09-16,1488.414300586377,1488.414300586377,0.45454545454545453,0.5,0.5,0.45454545454545453,30.0,1,-1,1
Jack Cheng,2024-09-14,1488.4000076259508,1488.4000076259508,0.45454545454545453,0.5,0.5,0.45454545454545453,30.0,1,-1,1
Vladimir Ivanov,2021-09-17,1488.3364098183727,1488.3364098183727,0.45454545454545453,0.5,0.5,0.45454545454545453,30.0,1,-1,1
Courtney John Lock,2024-02-03,1488.303944056125,1488.303944056125,0.45454545454545453,0.5,0.5,0.45454545454545453,30.0,1,-1,1
Christopher O'Connell,2025-07-01,1488.2891595750152,1488.2891595750152,0.45454545454545453,0.5,0.45454545454545453,0.5,30.0,1,-1,1
Mattias Siimar,2021-09-17,1488.275135822193,1488.275135822193,0.45454545454545453,0.5,0.5,0.45454545454545453,30.0,1,-1,1
Francesco Maestrelli,2022-10-10,1488.2598942513257,1488.2598942513257,0.45454545454545453,0.5,0.5,0.45454545454545453,30.0,1,-1,1
Amr Elsayed Abdou Ahmed Mohamed,2024-09-13,1488.2370307579233,1512.2514176306206,0.47058823529411764,0.5,0.5,0.45454545454545453,47.142857142857146,1,-1,7
David Agung Susanto,2023-09-16,1488.0143094285309,1488.0143094285309,0.45454545454545453,0.5,0.4166666666666667,0.5,30.0,1,-1,2
Federico Zeballos,2022-09-16,1488.0143094285309,1488.0143094285309,0.45454545454545453,0.5,0.5,0.45454545454545453,30.0,1,-1,1
Adolfo Daniel Vallejo,2021-09-17,1488.0,1488.0,0.45454545454545453,0.45454545454545453,0.5,0.5,30.0,1,-1,1
Alexis Klegou,2022-03-04,1488.0,1488.0,0.45454545454545453,0.5,0.5,0.45454545454545453,30.0,1,-1,1
Andrea Arnaboldi,2021-01-05,1488.0,1488.0,0.45454545454545453,0.5,0.5,0.45454545454545453,30.0,1,-1,1
Blake Mott,2021-02-01,1488.0,1488.0,0.45454545454545453,0.5,0.5,0.45454545454545453,30.0,1,-1,1
Dac Tien Nguyen,2023-02-04,1488.0,1488.0,0.45454545454545453,0.5,0.5,0.5,30.0,1,-1,1
Daniel Azar,2023-09-15,1488.0,1488.0,0.45454545454545453,0.45454545454545453,0.5,0.5,30.0,1,-1,1
Daniel Dutra Da Silva,2022-07-25,1488.0,1488.0,0.45454545454545453,0.45454545454545453,0.5,0.5,30.0,1,-1,1
Delmas Ntcha,2022-03-04,1488.0,1488.0,0.45454545454545453,0.5,0.5,0.45454545454545453,30.0,1,-1,1
Devin Badenhorst,2023-02-04,1488.0,1488.0,0.45454545454545453,0.5,0.5,0.5,30.0,1,-1,1
Dimitri Badra,2021-09-18,1488.0,1488.0,0.45454545454545453,0.5,0.5,0.45454545454545453,30.0,1,-1,1
Donald Young,2021-01-04,1488.0,1488.0,0.45454545454545453,0.5,0.5,0.45454545454545453,30.0,1,-1,1
Gastao Elias,2021-09-18,1488.0,1488.0,0.45454545454545453,0.5,0.5,0.45454545454545453,30.0,1,-1,1
Hamid Reza Nadaf,2024-03-15,1488.0,1488.0,0.45454545454545453,0.45454545454545453,0.5,0.5,30.0,1,-1,1
Jacob Bicknell,2023-02-04,1488.0,1488.0,0.45454545454545453,0.5,0.5,0.5,30.0,1,-1,1
Jc Aragone,2021-01-04,1488.0,1488.0,0.45454545454545453,0.5,0.5,0.45454545454545453,30.0,1,-1,1
Jose  Flores,2023-09-16,1488.0,1488.0,0.45454545454545453,0.45454545454545453,0.5,0.5,30.0,1,-1,1
Kevin King,2021-01-04,1488.0,1488.0,0.45454545454545453,0.5,0.5,0.45454545454545453,30.0,1,-1,1
Kwok Shun Dasson Chan,2024-02-03,1488.0,1488.0,0.45454545454545453,0.5,0.5,0.45454545454545453,30.0,1,-1,1
Luca Preda,2024-02-03,1488.0,1488.0,0.45454545454545453,0.5,0.5,0.45454545454545453,30.0,1,-1,1
Luis Patino,2021-03-05,1488.0,1488.0,0.45454545454545453,0.5,0.5,0.45454545454545453,30.0,1,-1,1
Marsel Ilhan,2021-01-05,1488.0,1488.0,0.45454545454545453,0.5,0.5,0.45454545454545453,30.0,1,-1,1
Matavao Fanguna,2024-02-02,1488.0,1488.0,0.45454545454545453,0.5,0.5,0.45454545454545453,30.0,1,-1,1
Matthew Foster Estwick,2022-09-16,1488.0,1488.0,0.45454545454545453,0.5,0.5,0.45454545454545453,30.0,1,-1,1
Matthias Bachinger,2021-01-05,1488.0,1488.0,0.45454545454545453,0.5,0.5,0.45454545454545453,30.0,1,-1,1
Michael Vrbensky,2021-01-05,1488.0,1488.0,0.45454545454545453,0.5,0.5,0.45454545454545453,30.0,1,-1,1
Min Kyu Song,2024-09-13,1488.0,1488.0,0.45454545454545453,0.5,0.5,0.45454545454545453,30.0,1,-1,1
Oliver Crawford,2025-07-01,1488.0,1488.0,0.45454545454545453,0.5,0.45454545454545453,0.5,30.0,1,-1,1
Raul Garcia,2023-02-02,1488.0,1488.0,0.45454545454545453,0.5,0.5,0.5,30.0,1,-1,1
Ricardo Rodriguez,2021-09-18,1488.0,1488.0,0.45454545454545453,0.5,0.5,0.45454545454545453,30.0,1,-1,1
Roberto Cid,2021-09-17,1488.0,1488.0,0.45454545454545453,0.5,0.5,0.5,30.0,1,-1,2
Roey Tabet,2021-09-18,1488.0,1488.0,0.45454545454545453,0.45454545454545453,0.5,0.5,30.0,1,-1,1
Ryan Harrison,2021-01-04,1488.0,1488.0,0.45454545454545453,0.5,0.5,0.45454545454545453,30.0,1,-1,1
Siim Troost,2021-09-17,1488.0,1488.0,0.45454545454545453,0.5,0.5,0.45454545454545453,30.0,1,-1,1
Thanapet Chanta,2024-02-03,1488.0,1488.0,0.45454545454545453,0.45454545454545453,0.5,0.5,30.0,1,-1,1
Walid Ahouda,2023-09-16,1488.0,1488.0,0.45454545454545453,0.5,0.5,0.45454545454545453,30.0,1,-1,1
Philip Henning,2024-09-14,1487.9918029178666,1512.0,0.4666666666666667,0.38461538461538464,0.5,0.5384615384615384,42.0,1,-1,6
Thomas Fancutt,2021-02-01,1487.9856905714691,1487.9856905714691,0.45454545454545453,0.5,0.5,0.45454545454545453,30.0,1,-1,1
Ki Lung Ng,2024-09-14,1487.9856720626378,1499.9851594895667,0.46153846153846156,0.5,0.5,0.46153846153846156,50.0,1,-1,3
Juan Borba,2023-02-03,1487.9770847185391,1487.9770847185391,0.45454545454545453,0.5,0.5,0.5,30.0,1,-1,1
Lleyton Cronje,2022-09-16,1487.9697208730147,1487.9697208730147,0.45454545454545453,0.45454545454545453,0.5,0.5,30.0,1,-1,1
Alvaro Lopez San Martin,2023-05-22,1487.9648101757211,1487.9648101757211,0.45454545454545453,0.45454545454545453,0.5,0.5,30.0,1,-1,1
Mischa Zverev,2021-03-22,1487.9613972242582,1487.9613972242582,0.45454545454545453,0.5,0.5,0.45454545454545453,30.0,1,-1,1
Roberto Marcora,2021-10-04,1487.9487714817867,1512.0,0.46153846153846156,0.5,0.5,0.46153846153846156,30.0,1,-2,3
Kenneth Raisma,2023-02-04,1487.948345758927,1487.948345758927,0.45454545454545453,0.5,0.5,0.5,30.0,1,-1,1
Marcos Lee Chan Baratau,2024-09-14,1487.9382286238824,1487.9382286238824,0.45454545454545453,0.5,0.5,0.45454545454545453,30.0,1,-1,1
Orel Kimhi,2024-02-03,1487.7645391398316,1487.7645391398316,0.45454545454545453,0.5,0.5,0.45454545454545453,30.0,1,-1,1
Finn Reynolds,2021-09-17,1487.7643961064236,1487.7643961064236,0.45454545454545453,0.5,0.45454545454545453,0.5,30.0,1,-1,1
Khumoun Sultanov,2024-09-13,1487.687549601189,1494.0607961836201,0.42857142857142855,0.5,0.5,0.4666666666666667,52.5,1,1,5
Zhe Li,2023-09-20,1487.6574637928466,1487.6574637928466,0.45454545454545453,0.5,0.5,0.45454545454545453,30.0,1,-1,1
Andrea Pellegrino,2024-07-15,1487.6435750754365,1487.6435750754365,0.45454545454545453,0.45454545454545453,0.5,0.5,30.0,1,-1,1
Tegar Abdi Satrio Wibowo,2022-09-16,1487.6394118989153,1487.6394118989153,0.45454545454545453,0.5,0.5,0.45454545454545453,30.0,1,-1,1
Philip Hjorth,2024-09-14,1487.6186962783352,1487.6186962783352,0.45454545454545453,0.5,0.5,0.45454545454545453,30.0,1,-1,1
Komlavi Loglo,2024-02-03,1487.613793320106,1487.613793320106,0.45454545454545453,0.5,0.5,0.5,30.0,1,-1,2
Edgars Manusis,2021-09-18,1487.585699413623,1487.585699413623,0.45454545454545453,0.5,0.5,0.45454545454545453,30.0,1,-1,1
Hamza Karmoussi,2024-02-03,1487.585699413623,1487.585699413623,0.45454545454545453,0.5,0.5,0.45454545454545453,30.0,1,-1,1
Mahammad Abid,2023-02-03,1487.585699413623,1487.585699413623,0.45454545454545453,0.5,0.5,0.5,30.0,1,-1,1
Minhtuan Pham,2023-02-04,1487.585699413623,1487.585699413623,0.45454545454545453,0.5,0.5,0.5,30.0,1,-1,1
Lluis Miralles,2021-03-05,1487.573873849281,1487.573873849281,0.45454545454545453,0.5,0.5,0.45454545454545453,30.0,1,-1,1
Ilya Snitari,2024-02-03,1487.5714076300158,1487.5714076300158,0.45454545454545453,0.4166666666666667,0.5,0.5,30.0,1,-1,2
Thabo Ncube,2021-11-26,1487.5714076300158,1487.5714076300158,0.45454545454545453,0.45454545454545453,0.5,0.5,30.0,1,-1,1
Wojciech Marek,2021-03-05,1487.5714076300158,1487.5714076300158,0.45454545454545453,0.5,0.5,0.45454545454545453,30.0,1,-1,1
Peter Bertran,2022-09-16,1487.5703286651453,1487.5703286651453,0.45454545454545453,0.5,0.5,0.5,30.0,1,-1,2
Marcelo Demoliner,2023-09-15,1487.5528992640202,1487.5528992640202,0.45454545454545453,0.5,0.5,0.45454545454545453,30.0,1,-1,1
Bor Artnak,2023-09-15,1487.5415045345972,1512.3834040508646,0.4666666666666667,0.4666666666666667,0.5,0.5,54.0,1,-2,6
Johannes Ingildsen,2022-09-17,1487.37816849864,1487.585699413623,0.46153846153846156,0.5,0.45454545454545453,0.5,50.0,1,1,3
Cayetano March,2022-03-04,1487.3103327114884,1487.3103327114884,0.45454545454545453,0.5,0.5,0.45454545454545453,30.0,1,-1,1
Hernan Casanova,2022-07-25,1487.3020315770095,1487.3020315770095,0.45454545454545453,0.45454545454545453,0.5,0.5,30.0,1,-1,1
Daniel Michalski,2023-01-02,1487.275636787394,1487.275636787394,0.45454545454545453,0.5,0.5,0.38461538461538464,30.0,1,-1,3
Linh Giang Trinh,2024-02-02,1487.200838779806,1487.200838779806,0.45454545454545453,0.5,0.5,0.4166666666666667,30.0,1,-1,2
Nathan Anthony Barki,2022-09-16,1487.1983455875568,1487.1983455875568,0.45454545454545453,0.5,0.5,0.45454545454545453,30.0,1,-1,1
Patrik Niklas Salminen,2021-09-17,1487.1979385095267,1487.1979385095267,0.45454545454545453,0.5,0.5,0.45454545454545453,30.0,1,-1,1
Leonardo Mayer,2021-03-08,1487.1750531232926,1487.1750531232926,0.45454545454545453,0.45454545454545453,0.5,0.5,30.0,1,-1,1
Maximus Jones,2024-02-03,1487.1717827711186,1487.1717827711186,0.45454545454545453,0.45454545454545453,0.5,0.5,30.0,1,-1,1
Gillian Osmont,2024-02-02,1487.1613801235096,1487.1613801235096,0.45454545454545453,0.5,0.5,0.45454545454545453,30.0,1,-1,1
Blaz Rola,2023-09-15,1487.153528269871,1487.5714076300158,0.46153846153846156,0.5384615384615384,0.5,0.45454545454545453,50.0,1,1,4
Mehluli Don Ayanda Sibanda,2021-11-26,1487.125145829283,1487.125145829283,0.45454545454545453,0.45454545454545453,0.5,0.5,30.0,1,-1,1
Aleksandre Metreveli,2022-01-03,1487.0944683700081,1487.0944683700081,0.45454545454545453,0.5,0.5,0.38461538461538464,30.0,1,-1,3
Antoine Escoffier,2024-01-29,1487.0870005098627,1487.0870005098627,0.45454545454545453,0.5,0.5,0.45454545454545453,30.0,1,-1,1
Luka Mikrut,2024-07-22,1487.0621408745158,1487.0621408745158,0.45454545454545453,0.45454545454545453,0.5,0.5,30.0,1,-1,1
Tao Mu,2023-09-20,1487.0539576332112,1487.0539576332112,0.45454545454545453,0.5,0.5,0.45454545454545453,30.0,1,-1,1
Francisco Comesana,2025-07-01,1487.0538621356488,1502.984438120922,0.4090909090909091,0.35714285714285715,0.5,0.5,18.916666666666668,1,-2,12
Petros Chrysochos,2024-02-03,1486.9805999662983,1512.0,0.4666666666666667,0.5,0.5,0.45454545454545453,30.0,1,-2,5
Joris De Loore,2024-02-03,1486.9584071515633,1486.9584071515633,0.45454545454545453,0.5,0.5,0.45454545454545453,30.0,1,-1,1
Sandro Ehrat,2021-07-19,1486.8797111666474,1486.8797111666474,0.45454545454545453,0.45454545454545453,0.5,0.5,30.0,1,-1,1
Vasek Pospisil,2024-08-05,1486.8493882808407,1502.002204333015,0.4166666666666667,0.5,0.47058823529411764,0.4146341463414634,19.63157894736842,1,-1,38
Faris Zakaryia,2024-09-13,1486.8239208694526,1486.8239208694526,0.45454545454545453,0.45454545454545453,0.5,0.5,30.0,1,-1,1
Siddharth Vishwakarma,2024-09-14,1486.8202375817182,1486.8202375817182,0.45454545454545453,0.5,0.5,0.45454545454545453,30.0,1,-1,1
Lukas Hellum Lilleengen,2022-09-16,1486.8089532577037,1486.8089532577037,0.45454545454545453,0.5,0.5,0.45454545454545453,30.0,1,-1,1
Ruben Bemelmans,2021-09-18,1486.7879895057818,1486.7879895057818,0.45454545454545453,0.5,0.5,0.5,30.0,1,-1,2
Yanki Erel,2024-09-13,1486.6622833324473,1499.5670628930986,0.46153846153846156,0.4166666666666667,0.5,0.5454545454545454,50.0,1,-1,3
Riccardo Bonadio,2023-04-03,1486.6375963172081,1511.2600721998929,0.46153846153846156,0.46153846153846156,0.5,0.5,21.666666666666668,1,-2,3
Patrick Kypson,2024-04-01,1486.5850963491725,1505.5279638692218,0.4444444444444444,0.4166666666666667,0.5,0.5,20.875,3,-2,8
James Ward,2021-06-21,1486.5431873004657,1486.5431873004657,0.45454545454545453,0.5,0.45454545454545453,0.5,30.0,1,-1,1
Juan Martin del Potro,2022-02-07,1486.3666216389627,1486.3666216389627,0.45454545454545453,0.45454545454545453,0.5,0.5,30.0,1,-1,1
Raul Brancaccio,2021-05-24,1486.3578260178385,1486.3578260178385,0.45454545454545453,0.45454545454545453,0.5,0.5,30.0,1,-1,1
Danilo Petrovic,2021-04-19,1486.3452844773735,1486.3452844773735,0.45454545454545453,0.45454545454545453,0.5,0.5,30.0,1,-1,1
Pedro Martinez,2025-07-05,1486.2432160024048,1580.341843476194,0.4370860927152318,0.4878048780487805,0.43478260869565216,0.3939393939393939,8.943262411347519,3,-1,141
Jurij Rodionov,2024-09-13,1486.2259804014102,1536.1275949217443,0.45454545454545453,0.5,0.47058823529411764,0.43478260869565216,25.176470588235293,1,1,34
Prajnesh Gunneswaran,2023-02-03,1486.172957127063,1489.5453292901082,0.4375,0.5,0.5,0.4375,42.666666666666664,1,1,6
Alexander Sarkissian,2021-07-19,1486.1083657489357,1486.1083657489357,0.45454545454545453,0.5,0.5,0.45454545454545453,30.0,1,-1,1
Christian Sigsgaard,2022-09-17,1486.0999269117287,1512.0,0.46153846153846156,0.5,0.45454545454545453,0.5,50.0,1,-2,3
Liam Krall,2023-02-06,1486.0196339427348,1486.0196339427348,0.45454545454545453,0.5,0.5,0.45454545454545453,30.0,1,-1,1
Caleb Chakravarthi,2022-02-07,1485.9712009339798,1485.9712009339798,0.45454545454545453,0.5,0.5,0.45454545454545453,30.0,1,-1,1
Darwin Blanch,2024-04-22,1485.9299304903786,1490.4636648808294,0.4166666666666667,0.45454545454545453,0.5,0.45454545454545453,32.5,1,-2,2
Clement Chidekh,2023-02-06,1485.7412304921668,1485.7412304921668,0.45454545454545453,0.5,0.5,0.45454545454545453,30.0,1,-1,1
Rowland Phillips,2024-02-03,1485.7401263196234,1510.4569707360681,0.4666666666666667,0.46153846153846156,0.5,0.4166666666666667,42.0,1,-2,6
Alex Bolt,2025-07-01,1485.7270776397638,1525.1332853576814,0.42857142857142855,0.5,0.42105263157894735,0.46153846153846156,22.64,1,-2,25
Manas Dhamne,2023-01-02,1485.708081494112,1485.708081494112,0.45454545454545453,0.5,0.5,0.45454545454545453,30.0,1,-1,1
Branko Djuric,2024-11-04,1485.6646481213768,1485.6646481213768,0.45454545454545453,0.5,0.5,0.45454545454545453,30.0,1,-1,1
Erik Arutiunian,2021-09-18,1485.6505232017196,1485.6505232017196,0.45454545454545453,0.45454545454545453,0.5,0.5,30.0,1,-1,1
Joel Schwaerzler,2024-10-21,1485.5857795585896,1488.4031323643844,0.4166666666666667,0.45454545454545453,0.5,0.45454545454545453,45.0,1,-2,2
Amir Milushev,2023-02-03,1485.5296486917891,1485.5296486917891,0.45454545454545453,0.5,0.5,0.45454545454545453,30.0,1,-1,1
Gustavo Heide,2024-07-22,1485.5141750384203,1511.9656464683178,0.4444444444444444,0.4375,0.5,0.45454545454545453,27.875,4,-2,8
Gonzalo Bueno,2024-09-13,1485.4131517183966,1512.027602002009,0.46153846153846156,0.45454545454545453,0.5,0.45454545454545453,50.0,1,-2,3
Yi Zhou,2024-10-02,1485.258100784107,1494.3913018096641,0.45,0.45454545454545453,0.5,0.45,18.0,5,1,11
Tommy Robredo,2022-04-18,1485.060464593078,1485.060464593078,0.45454545454545453,0.45454545454545453,0.5,0.5,30.0,1,-1,1
Denis Yevseyev,2024-09-18,1484.8616443132032,1503.4762096970503,0.42857142857142855,0.5,0.5,0.4166666666666667,37.5,1,-2,4
Calvin Hemery,2023-11-06,1484.809005463908,1484.809005463908,0.45454545454545453,0.5,0.5,0.45454545454545453,30.0,1,-1,1
Gerardo Lopez Villasenor,2022-09-16,1484.7958271180198,1524.0130170840755,0.4666666666666667,0.45454545454545453,0.5,0.5,32.0,1,-3,5
Guido Andreozzi,2024-07-22,1484.4494185981362,1507.811779592866,0.42857142857142855,0.46153846153846156,0.5,0.45454545454545453,37.5,1,-2,4
Maks Kasnikowski,2024-09-13,1484.433165312016,1511.5892606755758,0.46153846153846156,0.5,0.5,0.46153846153846156,36.0,2,-2,3
Kimmer Coppejans,2023-09-20,1484.2334718429358,1488.0,0.42857142857142855,0.5,0.45454545454545453,0.42857142857142855,39.25,1,1,5
Arjun Kadhe,2022-01-31,1484.2244571100969,1484.2244571100969,0.45454545454545453,0.5,0.5,0.45454545454545453,30.0,1,-1,1
Jason Kubler,2024-01-15,1484.1567052706375,1570.326735875883,0.49206349206349204,0.5,0.5454545454545454,0.46153846153846156,11.49056603773585,3,-2,53
Facundo Mena,2022-09-19,1483.9410426309787,1483.9410426309787,0.45454545454545453,0.5,0.5,0.45454545454545453,30.0,1,-1,1
Marco Trungelliti,2024-09-18,1483.876666703956,1501.8409085971869,0.4166666666666667,0.5,0.45454545454545453,0.4,32.5,1,-2,14
Sergiy Stakhovsky,2021-11-26,1483.6335131712992,1512.0,0.4375,0.5,0.5,0.4375,20.333333333333332,1,-1,6
Vilius Gaubas,2024-09-13,1483.6049425905287,1500.414300586377,0.4375,0.45454545454545453,0.5,0.4,45.0,1,-1,7
Stefanos Sakellaridis,2024-01-01,1483.3867799480067,1509.2698871992905,0.42857142857142855,0.5,0.5,0.42857142857142855,22.5,1,-3,4
Ivo Karlovic,2021-08-30,1483.1912503907772,1512.0,0.4375,0.5,0.5,0.42857142857142855,23.166666666666668,1,-3,6
Titouan Droguet,2024-11-04,1483.1058427391556,1517.6349204341798,0.42857142857142855,0.45454545454545453,0.5,0.46153846153846156,37.5,1,-3,4
Martins Rocens,2024-02-02,1482.6584636454563,1488.3424421948018,0.4166666666666667,0.5,0.5,0.4166666666666667,45.0,1,-2,2
Nishesh Basavareddy,2025-07-01,1482.5479900839102,1501.7252832036204,0.42857142857142855,0.5,0.45454545454545453,0.46153846153846156,22.5,1,-2,4
Andres Martin,2024-07-22,1482.5063414042593,1514.3601011727399,0.42857142857142855,0.5,0.5,0.42857142857142855,37.5,1,-3,4
Jack Sock,2023-04-03,1482.3227340658366,1536.412905908534,0.4444444444444444,0.4166666666666667,0.5555555555555556,0.42857142857142855,14.114285714285714,3,-2,35
Dane Sweeny,2024-01-15,1482.2549348566863,1511.585699413623,0.4375,0.5,0.5,0.4375,27.0,1,-2,6
Yuki Bhambri,2023-02-03,1482.1491088127548,1489.1778979373275,0.4375,0.5,0.5454545454545454,0.4,33.833333333333336,1,-1,6
Dalibor Svrcina,2024-01-29,1481.179232763986,1502.4224023419122,0.4375,0.5,0.5,0.4375,27.333333333333332,1,-2,6
Osgar Ohoisin,2024-02-03,1481.0619289979306,1500.7990299293624,0.4375,0.5,0.5,0.46153846153846156,35.0,1,-1,6
Antoine Hoang,2021-09-20,1480.7621369622382,1512.0,0.42857142857142855,0.5,0.5,0.4166666666666667,27.75,2,-3,4
Lucas Catarina,2023-09-15,1480.6989320938476,1486.3620429341242,0.42857142857142855,0.46153846153846156,0.5,0.45454545454545453,52.5,1,1,4
Joao Menezes,2021-07-24,1480.4854411806011,1489.1850061795985,0.4166666666666667,0.45454545454545453,0.5,0.45454545454545453,45.0,1,-2,2
Luke Saville,2023-09-20,1480.4558459443647,1490.8970905962656,0.4166666666666667,0.5,0.5,0.4166666666666667,45.0,1,-2,2
Tristan Schoolkate,2024-08-26,1480.3680097367223,1488.0,0.42857142857142855,0.5,0.45454545454545453,0.42857142857142855,39.25,2,1,5
Gregoire Barrere,2024-11-04,1480.2494625334562,1555.1175737561582,0.4177215189873418,0.4375,0.5,0.40425531914893614,14.289855072463768,1,-5,69
Jason Jung,2023-07-31,1480.2425468376389,1511.412961591155,0.4444444444444444,0.5,0.5384615384615384,0.375,28.0,2,1,9
Pierre Hugues Herbert,2024-11-04,1480.227411013964,1531.4622448364994,0.4444444444444444,0.3684210526315789,0.4166666666666667,0.5142857142857142,18.714285714285715,1,1,36
Roman Andres Burruchaga,2024-05-27,1480.1665463694949,1512.497258767098,0.42857142857142855,0.42857142857142855,0.5,0.5,27.75,1,-3,4
Marius Copil,2024-02-03,1480.1108327460338,1520.3749601501331,0.4117647058823529,0.38461538461538464,0.5,0.5,31.428571428571427,1,-5,7
Matteo Martineau,2024-06-10,1480.094635173103,1489.8234140836362,0.4166666666666667,0.5,0.45454545454545453,0.45454545454545453,45.0,1,-2,2
Robin Haase,2024-07-29,1480.086444808202,1512.0,0.45,0.5384615384615384,0.45454545454545453,0.4375,35.8,1,-2,10
Alexander Ritschard,2024-04-01,1479.6537812043227,1515.8448908924697,0.42857142857142855,0.4375,0.45454545454545453,0.5,31.636363636363637,1,-3,11
Alexandar Lazarov,2023-11-06,1479.086967096928,1511.4103096563379,0.4375,0.5454545454545454,0.5,0.4,36.666666666666664,1,-3,6
Eliot Spizzirri,2024-08-26,1479.0331222828843,1498.9678501495443,0.42857142857142855,0.5,0.46153846153846156,0.45454545454545453,33.0,1,-2,4
Duje Ajdukovic,2024-11-04,1478.9104653331067,1512.0,0.4230769230769231,0.42857142857142855,0.5,0.4666666666666667,31.8125,1,-1,16
Christopher Eubanks,2025-07-01,1478.727774351399,1613.3548299968038,0.4329896907216495,0.3157894736842105,0.5588235294117647,0.421875,11.931034482758621,1,-3,87
Mirza Basic,2024-09-14,1478.5313537989675,1500.9001080385538,0.4375,0.46153846153846156,0.5,0.42857142857142855,45.0,1,1,7
Michael Agwi,2024-09-13,1478.4678061033517,1488.0,0.42857142857142855,0.5833333333333334,0.5,0.4166666666666667,37.5,1,1,5
Viktor Troicki,2021-06-14,1478.3158336239878,1488.0,0.42857142857142855,0.45454545454545453,0.5,0.4166666666666667,38.25,1,1,5
Yshai Oliel,2024-09-13,1478.1205189053853,1487.146842398996,0.4444444444444444,0.5,0.5,0.4444444444444444,48.75,1,1,9
Jesper De Jong,2025-07-03,1477.9969592199923,1491.8917817078984,0.36363636363636365,0.42857142857142855,0.46153846153846156,0.4,39.083333333333336,2,-1,12
J J Wolf,2024-07-29,1477.901335794437,1598.6053343837493,0.47058823529411764,0.46153846153846156,0.5,0.4691358024691358,10.51086956521739,2,1,93
Terence Atmane,2024-10-02,1477.8134942198649,1502.8974279282097,0.391304347826087,0.5,0.5,0.35,25.692307692307693,2,1,14
Charles Broom,2024-07-01,1477.6706168464773,1489.0590999523813,0.4166666666666667,0.5,0.4166666666666667,0.5,18.5,2,-2,2
Cedrik Marcel Stebe,2022-02-07,1477.6646630446178,1512.0,0.4375,0.45454545454545453,0.45454545454545453,0.4666666666666667,36.166666666666664,1,1,7
Muzammil Murtaza,2022-09-16,1477.5894913968698,1488.0,0.4166666666666667,0.4166666666666667,0.45454545454545453,0.5,45.0,1,-2,3
Menelaos Efstathiou,2024-02-03,1477.5396198410488,1489.8572694206848,0.42857142857142855,0.45454545454545453,0.5,0.45454545454545453,37.5,1,-1,4
Fajing Sun,2024-09-18,1477.2533387373237,1487.1523822456963,0.4166666666666667,0.45454545454545453,0.5,0.45454545454545453,45.0,1,-2,2
Eduardo Nava,2023-05-29,1477.0067461756707,1487.308239469037,0.4166666666666667,0.45454545454545453,0.5,0.45454545454545453,45.0,1,-2,2
Noah Rubin,2021-08-23,1476.7993847170947,1488.0,0.4166666666666667,0.5,0.5,0.4166666666666667,45.0,1,-2,2
Dominic Thiem,2024-10-21,1476.6172098093996,1596.1795318283337,0.45689655172413796,0.47619047619047616,0.35714285714285715,0.4745762711864407,10.49056603773585,1,-7,106
Strong Kirchheimer,2024-08-19,1476.5712932252939,1488.043129028476,0.4166666666666667,0.5,0.5,0.4166666666666667,45.0,1,-2,2
Adam Moundir,2023-09-16,1476.4990544137902,1488.8515388328972,0.4166666666666667,0.45454545454545453,0.5,0.45454545454545453,45.0,1,-2,2
Anthony Susanto,2024-02-03,1476.414300586377,1488.0,0.4166666666666667,0.5,0.5,0.4166666666666667,45.0,1,-2,3
Michael Bassem Sobhy,2024-02-02,1476.414300586377,1488.0,0.4166666666666667,0.45454545454545453,0.5,0.45454545454545453,45.0,1,-2,2
Frederico Ferreira Silva,2021-02-08,1476.413805398902,1487.585699413623,0.4166666666666667,0.5,0.5,0.4166666666666667,18.5,2,-2,2
Mikael Torpegaard,2022-03-04,1476.312868929279,1512.0,0.42857142857142855,0.5,0.45454545454545453,0.46153846153846156,24.25,1,-3,4
Bradley Klahn,2023-07-31,1476.2408161158385,1488.2535595715212,0.4166666666666667,0.5,0.5,0.4166666666666667,45.0,1,-2,2
Liam Broady,2024-07-01,1476.2217583713207,1513.3276686052418,0.4230769230769231,0.46153846153846156,0.43333333333333335,0.4482758620689655,18.761904761904763,2,-4,42
John Patrick Smith,2021-02-22,1476.074933624294,1488.0,0.4166666666666667,0.5,0.5,0.4166666666666667,25.5,2,-2,2
Yunseong Chung,2023-07-17,1476.0723448977224,1488.0247247103102,0.4166666666666667,0.5,0.45454545454545453,0.45454545454545453,45.0,1,-2,2
John Millman,2023-01-16,1476.0492954551844,1544.684163532697,0.43820224719101125,0.4482758620689655,0.4444444444444444,0.4444444444444444,8.481012658227849,3,1,80
Murkel Alejandro Dellien Velasco,2024-09-13,1476.0322012345232,1512.0240306770474,0.4375,0.5,0.5,0.4166666666666667,35.0,1,-1,6
Paolo Lorenzi,2021-07-12,1475.9764800606936,1488.0,0.4166666666666667,0.5,0.45454545454545453,0.45454545454545453,45.0,1,-2,2
Thomaz Bellucci,2023-02-20,1475.9731026999248,1488.0,0.4166666666666667,0.45454545454545453,0.5,0.45454545454545453,45.0,1,-2,2
Ernests Gulbis,2023-02-04,1475.9410723491562,1488.0,0.42857142857142855,0.45454545454545453,0.5,0.4166666666666667,51.0,1,1,4
Mili Poljicak,2024-07-22,1475.8760484706063,1485.8752547877682,0.4166666666666667,0.4166666666666667,0.5,0.5,45.0,1,-2,2
Mathias Bourgue,2023-11-06,1475.8312207917493,1487.5688536890336,0.4166666666666667,0.45454545454545453,0.5,0.45454545454545453,45.0,1,-2,2
Alec Beckley,2024-09-14,1475.757380853438,1488.0,0.4166666666666667,0.45454545454545453,0.5,0.5,45.0,1,-2,2
Lukas Rosol,2022-10-17,1475.6578352629474,1488.9650544522704,0.4166666666666667,0.5,0.45454545454545453,0.45454545454545453,45.0,1,-2,2
Gilles Arnaud Bailly,2024-10-14,1475.6555949515298,1489.2786679047158,0.4166666666666667,0.5,0.5,0.4166666666666667,45.0,1,-2,2
Davis Rolis,2024-09-14,1475.608309799759,1487.1928263537282,0.4166666666666667,0.5,0.5,0.4166666666666667,45.0,1,-2,2
Gunawan Trismuwantara,2023-09-16,1475.599806599834,1488.0,0.4166666666666667,0.5,0.4166666666666667,0.45454545454545453,45.0,1,-2,3
Lorenzo Giustino,2023-04-17,1475.5144431962383,1488.46312211105,0.4166666666666667,0.45454545454545453,0.5,0.45454545454545453,45.0,1,-2,2
Bjorn Fratangelo,2023-07-31,1475.417052779465,1512.0,0.42105263157894735,0.4166666666666667,0.5,0.47058823529411764,36.22222222222222,1,-3,9
Karl Friberg,2024-02-02,1475.3169618335455,1488.5614972316557,0.4166666666666667,0.5,0.5,0.4166666666666667,45.0,1,-2,2
Thai Son Kwiatkowski,2023-08-21,1475.2316116904208,1487.1586369320855,0.4166666666666667,0.5,0.5,0.4166666666666667,45.0,1,-2,2
Rigele Te,2024-09-13,1475.1867331738458,1511.1241717058788,0.4375,0.5833333333333334,0.5,0.4166666666666667,37.666666666666664,1,-2,6
Martin Antonio Vergara Del Puerto,2024-02-03,1475.1104169642335,1488.0,0.4166666666666667,0.4166666666666667,0.5,0.5,45.0,1,-2,2
Nick Chappell,2023-02-27,1474.8189585995285,1486.7797340193308,0.4166666666666667,0.5,0.5,0.4166666666666667,45.0,1,-2,2
Adrian Andreev,2021-09-27,1474.697456804401,1512.0309712696073,0.4375,0.5,0.5,0.4375,24.833333333333332,1,-3,6
Andrea Collarini,2024-07-22,1474.6904370676375,1488.0,0.4166666666666667,0.4166666666666667,0.5,0.5,45.0,1,-2,2
Jie Cui,2023-09-20,1474.5767108933817,1485.143901779628,0.4166666666666667,0.5,0.5,0.45454545454545453,45.0,1,-2,2
Nicolas Kicker,2022-02-21,1474.5300638391254,1488.0,0.4166666666666667,0.4166666666666667,0.5,0.5,45.0,1,-2,2
Younes Lalami Laaroussi,2024-09-14,1474.516055299002,1486.4328701277207,0.4166666666666667,0.4166666666666667,0.5,0.5,45.0,1,-2,2
Oleksandr Ovcharenko,2024-09-13,1474.3995632305039,1487.1508925164746,0.4166666666666667,0.5,0.5,0.45454545454545453,45.0,1,-2,2
Alexander Blockx,2024-10-14,1474.3908824379537,1489.4151809428793,0.38461538461538464,0.5,0.5,0.38461538461538464,40.333333333333336,1,-3,3
Gian Marco Moroni,2022-04-18,1474.136426779744,1487.449286951364,0.4166666666666667,0.45454545454545453,0.5,0.45454545454545453,45.0,1,-2,2
Stefano Napolitano,2024-07-15,1474.0651287310534,1503.4894438283725,0.4117647058823529,0.4666666666666667,0.45454545454545453,0.45454545454545453,31.428571428571427,1,-3,7
Sergey Fomin,2024-09-13,1473.92260109331,1499.7885107436111,0.4117647058823529,0.5,0.5,0.4117647058823529,38.57142857142857,1,-3,7
Gerald Melzer,2022-07-25,1473.8579482096598,1486.474313721323,0.4166666666666667,0.45454545454545453,0.5,0.45454545454545453,45.0,1,-2,2
Daniel Evans,2025-07-03,1473.642561530308,1601.7401068492184,0.4583333333333333,0.39622641509433965,0.4230769230769231,0.49624060150375937,7.818681318681318,2,-1,182
Lloyd Harris,2025-07-03,1473.3961850467128,1613.9029912288233,0.4716981132075472,0.34615384615384615,0.5,0.5138888888888888,9.572916666666666,2,-1,96
Steve Johnson,2024-02-05,1473.264933905739,1558.4194659123652,0.4594594594594595,0.5,0.5238095238095238,0.4339622641509434,13.140625,1,-3,64
Laurent Lokoli,2023-07-03,1473.0802390986762,1485.9263085879754,0.38461538461538464,0.5,0.45454545454545453,0.4166666666666667,41.666666666666664,1,-3,3
Stefan Kozlov,2022-09-19,1472.6563230821878,1520.7689317781903,0.391304347826087,0.5,0.4166666666666667,0.42857142857142855,20.692307692307693,2,-6,13
Juan Manuel Cerundolo,2024-02-26,1471.3904224871333,1559.8243605210282,0.44,0.4411764705882353,0.45454545454545453,0.46153846153846156,16.025,2,1,41
Oleksii Krutykh,2024-09-13,1471.1087390707796,1489.6497745632746,0.4117647058823529,0.45454545454545453,0.5,0.4375,43.0,1,-2,7
Nino Serdarusic,2023-05-22,1471.0953421911279,1487.2807843373776,0.4,0.4166666666666667,0.5,0.46153846153846156,36.8,1,-1,5
George Loffhagen,2025-07-01,1471.0940400146417,1487.1846879484922,0.38461538461538464,0.5,0.38461538461538464,0.5,32.333333333333336,1,-3,3
Dmitry Popko,2024-02-03,1471.0203765975036,1487.0530375940396,0.38461538461538464,0.4166666666666667,0.5,0.4166666666666667,50.0,1,-3,4
Elliot Benchetrit,2024-09-14,1470.932618994274,1494.1191970584323,0.4,0.35714285714285715,0.5,0.5454545454545454,53.6,1,-2,5
Petros Tsitsipas,2024-07-29,1470.8673382423908,1488.4405829680804,0.4,0.46153846153846156,0.5,0.4166666666666667,42.0,1,-1,5
Rudolf Molleker,2024-07-15,1470.3293170837112,1488.6129860919534,0.4,0.42857142857142855,0.45454545454545453,0.5,42.0,1,-2,5
Valentin Vacherot,2024-05-27,1470.063929303737,1500.00580332941,0.4,0.3888888888888889,0.5,0.5,31.9,1,-3,10
Henri Squire,2024-09-14,1469.702285806064,1499.3993014142027,0.375,0.5,0.38461538461538464,0.45454545454545453,28.5,1,-4,6
Elias Ymer,2024-10-14,1469.4681182332279,1540.0329124612563,0.4411764705882353,0.4,0.4166666666666667,0.49019607843137253,19.32758620689655,1,-1,58
Eero Vasa,2024-09-14,1468.743377100467,1511.622002112704,0.4,0.5,0.5,0.4,30.6,3,-4,5
Andrey Kuznetsov,2023-08-21,1468.6468874068412,1487.1260703091602,0.38461538461538464,0.4166666666666667,0.5,0.45454545454545453,50.0,1,-3,3
Jaume Munar,2025-07-05,1468.596069635176,1537.7159995933046,0.4177215189873418,0.4897959183673469,0.43478260869565216,0.3157894736842105,9.02027027027027,3,-1,148
Sho Shimabukuro,2023-10-16,1468.4477705632446,1510.4899145658405,0.4090909090909091,0.5,0.45454545454545453,0.42857142857142855,17.666666666666668,3,-2,12
Daniel Rincon,2024-04-15,1468.332848584914,1489.8726983422057,0.38461538461538464,0.38461538461538464,0.5,0.5,41.666666666666664,1,-3,3
Cem Ilkel,2024-09-13,1468.2410020015436,1500.4870841029676,0.4166666666666667,0.38461538461538464,0.5,0.42857142857142855,33.285714285714285,1,-3,15
Leandro Riedi,2025-07-01,1468.0752527196205,1492.9713979498952,0.36363636363636365,0.42857142857142855,0.45454545454545453,0.4117647058823529,36.833333333333336,1,-2,12
Kaipo Marshall,2024-09-14,1467.7472816764591,1488.0,0.4117647058823529,0.5,0.5,0.4,38.57142857142857,1,-1,7
Philipp Kohlschreiber,2022-04-25,1467.4167071332454,1528.936834677976,0.43333333333333335,0.47058823529411764,0.5,0.42105263157894735,17.45,1,-3,20
Henry Searle,2025-07-01,1467.1959564854976,1489.6980133908478,0.38461538461538464,0.5,0.38461538461538464,0.5,32.333333333333336,1,-3,3
Filip Krajinovic,2023-05-29,1467.0478811570165,1588.4611641899337,0.4519230769230769,0.46938775510204084,0.5555555555555556,0.42105263157894735,8.553191489361701,3,-10,94
Kacper Zuk,2023-01-02,1467.03634807114,1500.414300586377,0.4,0.45454545454545453,0.5,0.42857142857142855,53.8,1,-3,5
Jan Choinski,2024-08-26,1466.673497524885,1494.9645412859138,0.3684210526315789,0.46153846153846156,0.4,0.45454545454545453,26.77777777777778,1,-3,9
Dimitar Kuzmanov,2024-02-03,1466.5802224328588,1526.4417496465567,0.46153846153846156,0.4666666666666667,0.5,0.47619047619047616,31.875,1,-5,16
Kevin Anderson,2023-07-31,1466.538216882488,1557.0206797271996,0.45652173913043476,0.5,0.65,0.34375,14.083333333333334,4,-2,36
Harold Mayot,2024-11-04,1466.3324127516746,1531.860087644729,0.42857142857142855,0.42857142857142855,0.46153846153846156,0.47619047619047616,21.77777777777778,1,-3,18
Edas Butvilas,2024-09-13,1466.1367621019397,1488.8814961696178,0.4,0.45454545454545453,0.45454545454545453,0.4166666666666667,54.0,1,-2,5
Illya Marchenko,2023-08-21,1465.955531741967,1523.9842623238285,0.43478260869565216,0.5,0.4166666666666667,0.47619047619047616,24.23076923076923,1,-3,13
Benjamin Lock,2024-02-03,1465.9165585078924,1488.827046919219,0.38461538461538464,0.45454545454545453,0.5,0.4166666666666667,50.0,1,-3,3
Mate Valkusz,2024-09-13,1465.8393656888882,1511.0787516263008,0.4,0.5,0.5,0.42857142857142855,33.6,1,-4,6
Jose Rubin Statham,2024-09-14,1465.5756722336155,1487.186627862611,0.38461538461538464,0.5,0.4166666666666667,0.45454545454545453,30.0,1,-3,3
Roberto Quiroz,2022-09-17,1465.4107687835494,1524.0,0.4117647058823529,0.5,0.5,0.3888888888888889,30.142857142857142,1,-5,8
Alexey Vatutin,2024-10-14,1465.2830405089599,1487.8798185741825,0.38461538461538464,0.45454545454545453,0.5,0.4166666666666667,50.0,1,-3,3
Wishaya Trongcharoenchaikul,2024-02-03,1464.8008464017755,1488.0,0.38461538461538464,0.45454545454545453,0.5,0.4166666666666667,30.0,1,-3,3
Andrej Nedic,2024-02-03,1464.704803240706,1488.0,0.38461538461538464,0.4166666666666667,0.5,0.45454545454545453,50.0,1,-3,3
Rodrigo Pacheco Mendez,2024-09-14,1464.6205620467847,1500.13519415353,0.3888888888888889,0.5833333333333334,0.5,0.35294117647058826,42.5,1,-3,9
Gonzalo Lama,2023-07-31,1464.4812669316282,1489.5589307658456,0.38461538461538464,0.4166666666666667,0.5,0.45454545454545453,50.0,1,-3,3
Daniels Tens,2024-09-14,1464.4270367909564,1487.5703229949559,0.38461538461538464,0.5,0.5,0.35714285714285715,50.0,1,-3,4
Sasi Kumar Mukund,2023-09-16,1464.3382373109341,1487.0459952677254,0.38461538461538464,0.5,0.45454545454545453,0.4166666666666667,50.0,1,-3,3
Jaime Faria,2024-09-13,1464.269290119595,1488.0,0.38461538461538464,0.4166666666666667,0.5,0.4166666666666667,50.0,1,-3,4
Ji Sung Nam,2022-09-26,1464.0979427585503,1489.227672723766,0.4,0.5,0.5454545454545454,0.35714285714285715,47.6,1,-2,5
Lukas Klein,2024-11-04,1463.7137851989419,1510.4480053501618,0.39473684210526316,0.47368421052631576,0.46153846153846156,0.39285714285714285,24.678571428571427,1,1,30
Edan Leshem,2023-02-04,1463.465314286848,1511.5443473441455,0.4117647058823529,0.5,0.5,0.4375,22.857142857142858,1,-2,7
Alessandro Giannessi,2023-04-03,1463.3762376754703,1500.623114405953,0.4,0.4,0.5,0.5,39.8,1,-3,5
Nicolas Moreno De Alboran,2024-07-22,1463.2422298046877,1490.1162912404357,0.4,0.47619047619047616,0.5,0.375,21.2,2,1,17
Renzo Olivo,2022-02-21,1463.0083876940678,1486.7554626371038,0.38461538461538464,0.4166666666666667,0.5,0.45454545454545453,50.0,1,-3,3
Dino Prizmic,2024-02-12,1462.774922972163,1503.3717613885058,0.38095238095238093,0.4666666666666667,0.5,0.375,29.272727272727273,2,-3,11
Yuichi Sugita,2021-08-30,1462.7007637061695,1512.0,0.3888888888888889,0.5,0.46153846153846156,0.4,20.0,1,-3,8
Nicola Kuhn,2022-07-18,1462.1334901482214,1512.0,0.375,0.4166666666666667,0.4166666666666667,0.5,32.0,2,-5,6
Mitchell Krueger,2024-09-18,1461.987401480321,1488.3439220533503,0.4,0.5,0.46153846153846156,0.4,25.9,3,-2,20
Pablo Cuevas,2022-05-23,1461.429318505689,1548.1489965492638,0.4473684210526316,0.45161290322580644,0.45454545454545453,0.47058823529411764,13.857142857142858,3,1,29
Raphael Collignon,2025-07-01,1460.6833701109558,1489.5737622078118,0.35714285714285715,0.5,0.45454545454545453,0.38461538461538464,31.0,1,-4,4
Luca Van Assche,2024-12-18,1460.4641855216616,1515.3048398428452,0.38235294117647056,0.41935483870967744,0.42857142857142855,0.391304347826087,13.362068965517242,1,1,61
Felipe Meligeni Alves,2024-07-15,1460.266379982422,1512.0,0.4,0.4375,0.45454545454545453,0.4444444444444444,35.13333333333333,2,-4,15
Jiri Vesely,2024-01-15,1460.114459730136,1524.800492464106,0.40625,0.34782608695652173,0.5238095238095238,0.425,15.907407407407407,1,-3,54
Maximilian Marterer,2024-10-14,1459.7213218303098,1529.272426577705,0.38181818181818183,0.4,0.47058823529411764,0.38235294117647056,21.666666666666668,2,1,46
Radu Albot,2024-08-26,1459.7122564396702,1525.7394663446812,0.3950617283950617,0.44,0.3,0.44642857142857145,15.126760563380282,3,-2,71
Ethan Quinn,2025-07-03,1459.4730188727867,1511.5527917357574,0.4,0.5,0.5,0.35714285714285715,28.2,2,-1,10
Thomas Fabbiano,2022-02-14,1458.9470086157557,1488.4155438987432,0.35714285714285715,0.4166666666666667,0.5,0.4166666666666667,27.75,1,-4,4
Federico Gaio,2022-01-31,1458.4140882582028,1488.3884740399199,0.375,0.46153846153846156,0.5,0.38461538461538464,29.666666666666668,1,-3,6
Max Hans Rehberg,2024-04-15,1458.248453846573,1491.3550740240134,0.35714285714285715,0.35714285714285715,0.5,0.5,52.5,1,-4,4
Muhammad Shoaib,2024-09-14,1456.9870954216385,1487.6369958302387,0.375,0.45454545454545453,0.46153846153846156,0.45454545454545453,55.0,1,-2,6
Camilo Ugo Carabelli,2025-07-01,1456.3865203742828,1517.4515563007637,0.375,0.42857142857142855,0.45454545454545453,0.4166666666666667,27.571428571428573,1,-4,14
Malek Jaziri,2023-02-27,1456.3075878514471,1499.214596477785,0.4090909090909091,0.5384615384615384,0.5,0.3684210526315789,32.166666666666664,1,-2,12
Andrej Martin,2022-01-31,1454.9149809730268,1488.0,0.39285714285714285,0.44,0.5,0.38461538461538464,15.88888888888889,1,-2,18
Ajeet Rai,2024-09-14,1454.5418973403105,1487.4431591377104,0.35714285714285715,0.5,0.5,0.35714285714285715,37.5,1,-4,4
Martin Landaluce,2024-04-22,1453.8377876954694,1492.3175062410062,0.35294117647058826,0.35714285714285715,0.5,0.46153846153846156,35.0,2,-3,7
Sebastian Dominko,2024-02-02,1453.8159094277382,1488.0,0.35714285714285715,0.4166666666666667,0.5,0.5,52.5,1,-4,5
Dragos Nicolae Madaras,2023-07-17,1453.3801559181463,1488.3925370691413,0.35714285714285715,0.45454545454545453,0.5,0.38461538461538464,37.5,1,-4,4
Ignacio Carou,2023-09-16,1453.1163821491186,1487.1719252192775,0.35714285714285715,0.35714285714285715,0.5,0.5,37.5,1,-4,4
Skander Mansouri,2024-09-13,1452.6851160258077,1485.7655071754366,0.3333333333333333,0.5,0.5,0.38461538461538464,42.0,1,-5,6
Cesar Cruz,2024-09-14,1452.483078005129,1487.1208039601315,0.35714285714285715,0.4166666666666667,0.5,0.4166666666666667,37.5,1,-4,4
Gilles Simon,2022-10-31,1452.053968566746,1512.0,0.35555555555555557,0.38095238095238093,0.375,0.43333333333333335,16.485714285714284,1,1,37
Viktor Durasovic,2024-02-02,1451.917071635086,1511.6034492579622,0.38461538461538464,0.5,0.5,0.375,29.375,1,1,16
Brandon Holt,2025-07-01,1451.3337416546315,1518.6759309468248,0.35,0.5,0.45454545454545453,0.3684210526315789,34.0,1,-6,10
Kiranpal Pannu,2024-09-14,1449.7533986824503,1489.052218328181,0.35294117647058826,0.5,0.5,0.35294117647058826,42.142857142857146,1,-1,7
Attila Balazs,2023-08-28,1449.1610734701164,1488.0,0.3125,0.4166666666666667,0.45454545454545453,0.38461538461538464,42.0,1,-6,6
Evgeny Donskoy,2021-10-18,1449.1142187753617,1500.1790297261234,0.35294117647058826,0.5,0.45454545454545453,0.375,18.285714285714285,2,-5,7
Enzo Couacaud,2024-07-22,1448.8716048918745,1511.2931798663926,0.35,0.42857142857142855,0.4166666666666667,0.42857142857142855,43.5,1,-4,10
Emilio Gomez,2024-02-02,1447.3907811593351,1512.0,0.3783783783783784,0.4375,0.5,0.3870967741935484,23.59259259259259,1,-1,27
Guido Pella,2023-08-28,1447.32909127329,1512.0,0.3793103448275862,0.3870967741935484,0.42105263157894735,0.42857142857142855,11.916666666666666,2,-3,48
Steven Diez,2024-01-01,1447.1515261210393,1486.9233424265483,0.3333333333333333,0.38461538461538464,0.5,0.38461538461538464,36.2,1,-5,6
Geoffrey Blancaneaux,2023-02-20,1446.5669476770267,1488.9483040097393,0.3333333333333333,0.45454545454545453,0.5,0.35714285714285715,37.0,2,-5,5
Marc Polmans,2024-07-15,1445.6838391042763,1488.0,0.36363636363636365,0.5,0.46153846153846156,0.35294117647058826,31.0,1,-3,12
Juan Pablo Varillas,2024-09-13,1445.6732859911663,1542.9750458668905,0.4430379746835443,0.5081967213114754,0.45454545454545453,0.3333333333333333,15.014492753623188,1,-2,69
Denis Istomin,2022-09-16,1445.555627731462,1487.5854458884164,0.35294117647058826,0.45454545454545453,0.5,0.375,44.42857142857143,1,-2,7
Aljaz Bedene,2022-09-16,1445.1558200289564,1536.9866765028505,0.4444444444444444,0.48484848484848486,0.4117647058823529,0.4583333333333333,10.25,2,1,44
Daniel Altmaier,2025-07-01,1445.1086701478077,1508.161563373239,0.35714285714285715,0.42857142857142855,0.36363636363636365,0.32786885245901637,11.327586206896552,1,-2,116
Giulio Zeppieri,2025-07-01,1444.9933112413455,1510.7439679315,0.36666666666666664,0.4166666666666667,0.45454545454545453,0.4,28.8,1,-2,20
Facundo Bagnis,2024-04-22,1444.9279311757746,1554.6089296070252,0.40540540540540543,0.4528301886792453,0.4166666666666667,0.36666666666666664,14.0625,1,1,65
Marko Topo,2024-04-15,1444.3140227319986,1486.6714660854802,0.3333333333333333,0.3333333333333333,0.5,0.5,54.0,1,-5,5
Nicolas Mejia,2024-09-14,1444.253142114376,1488.0,0.3333333333333333,0.5333333333333333,0.5,0.25,34.07142857142857,2,-2,15
Vit Kopriva,2025-07-01,1444.1225071149086,1541.0249008054946,0.3793103448275862,0.42857142857142855,0.4166666666666667,0.4375,26.57894736842105,1,-7,19
Damir Dzumhur,2025-07-01,1443.4405045208255,1506.2205441078358,0.3902439024390244,0.5,0.45454545454545453,0.35714285714285715,27.0,1,-4,31
Zachary Svajda,2024-10-02,1442.9627634351064,1511.7792036994838,0.36666666666666664,0.5,0.45454545454545453,0.36666666666666664,23.95,2,1,21
Yen Hsun Lu,2021-07-24,1442.5079002976836,1488.8404428522344,0.3333333333333333,0.45454545454545453,0.4166666666666667,0.4,24.125,2,-5,8
Leo Borg,2024-10-14,1442.0990996728879,1494.181841253479,0.3333333333333333,0.46153846153846156,0.5,0.3333333333333333,35.54545454545455,1,-1,11
James Duckworth,2025-07-01,1441.9053261532654,1551.9955160945494,0.42857142857142855,0.4375,0.45161290322580644,0.4358974358974359,11.810526315789474,1,-8,95
Seong Chan Hong,2024-09-13,1441.7933178965816,1486.3610557500538,0.34615384615384615,0.5,0.5,0.34615384615384615,22.8125,1,1,16
Kristjan Tamm,2024-09-13,1441.3751220112422,1485.640919808915,0.3333333333333333,0.4166666666666667,0.5,0.45454545454545453,42.0,1,-5,5
Brayden Schnur,2022-01-03,1441.0574355859947,1487.5710127740433,0.3333333333333333,0.5,0.45454545454545453,0.35714285714285715,39.2,1,-5,5
Francesco Passaro,2024-05-06,1440.4091410280187,1500.4398264428594,0.38461538461538464,0.42857142857142855,0.5,0.4117647058823529,23.625,2,1,18
Marco Cecchinato,2023-08-28,1440.2046480786596,1524.083794320531,0.42857142857142855,0.4927536231884058,0.38461538461538464,0.3181818181818182,10.878378378378379,3,-4,74
Peter Gojowczyk,2022-08-29,1439.0182466212975,1569.0172735783374,0.43137254901960786,0.38461538461538464,0.5,0.45,13.292682926829269,4,-2,41
Michail Pervolarakis,2023-01-02,1438.7456563059122,1488.0,0.35,0.45454545454545453,0.5,0.3684210526315789,35.5,1,-1,10
Kyle Edmund,2023-05-08,1438.657033486647,1512.9616349926448,0.3181818181818182,0.38461538461538464,0.5,0.3684210526315789,20.083333333333332,3,-9,12
Lucas Pouille,2024-07-01,1437.6457910471986,1506.6213151290183,0.35555555555555557,0.34615384615384615,0.4666666666666667,0.4230769230769231,18.62857142857143,1,1,37
Nikoloz Basilashvili,2025-07-03,1437.436622809344,1615.6959417356265,0.45528455284552843,0.4634146341463415,0.5384615384615384,0.4342105263157895,7.752212389380531,2,-1,113
Vitaliy Sachko,2024-09-13,1436.2608450609025,1495.1622667514348,0.3125,0.4166666666666667,0.5,0.35714285714285715,54.333333333333336,1,-6,6
Gianluca Mager,2022-01-31,1435.9474486730655,1524.0,0.41818181818181815,0.4666666666666667,0.5,0.3939393939393939,9.311111111111112,6,-3,45
Andreas Seppi,2022-06-06,1435.399161872199,1495.0248571837246,0.3783783783783784,0.46153846153846156,0.5,0.35714285714285715,14.25925925925926,1,-2,27
Jay Clarke,2025-07-01,1433.370467408776,1487.4391662805433,0.3125,0.5,0.3333333333333333,0.45454545454545453,37.333333333333336,1,-6,6
Richard Gasquet,2024-11-04,1432.8895472679249,1631.28819828194,0.4444444444444444,0.45,0.45454545454545453,0.4457831325301205,10.134328358208956,3,1,135
Yasutaka Uchiyama,2024-09-18,1432.6463544405733,1488.0276479983245,0.36,0.45454545454545453,0.4166666666666667,0.4166666666666667,21.466666666666665,1,1,17
Abedallah Shelbayh,2024-04-01,1432.1708584580679,1503.5347052081127,0.3333333333333333,0.42857142857142855,0.4166666666666667,0.3888888888888889,25.5,1,-4,14
Egor Gerasimov,2024-10-02,1431.4124253891755,1536.0677491409306,0.4,0.42857142857142855,0.5,0.4,11.309090909090909,1,-2,55
Hugo Grenier,2024-08-26,1430.5767909225708,1512.0,0.35294117647058826,0.3888888888888889,0.5,0.375,26.916666666666668,1,-4,24
Tomas Barrios Vera,2024-09-12,1429.8743909765947,1488.4138069446349,0.35714285714285715,0.42857142857142855,0.46153846153846156,0.35714285714285715,29.11111111111111,1,-3,18
Aleksandar Kovacevic,2025-07-01,1429.4264652409113,1537.6268560528824,0.3559322033898305,0.3333333333333333,0.4375,0.4,15.0,1,-2,49
Oscar Otte,2024-06-17,1429.253083475591,1597.2147354537847,0.4117647058823529,0.4642857142857143,0.5357142857142857,0.3469387755102041,10.266666666666667,1,-2,75
Diego Schwartzman,2024-08-26,1428.7496122931188,1685.6598477010978,0.5,0.525,0.47619047619047616,0.4838709677419355,7.445121951219512,1,-10,164
Sam Querrey,2022-08-29,1426.697681487924,1530.1814223546316,0.38,0.42857142857142855,0.5172413793103449,0.2962962962962963,14.525,1,-4,40
Ernesto Escobedo,2024-02-26,1426.4287446914916,1526.7364290757607,0.3793103448275862,0.42857142857142855,0.5,0.4,28.263157894736842,4,-4,19
Federico Delbonis,2023-02-06,1425.1304729353808,1598.5619104909874,0.43956043956043955,0.5352112676056338,0.38461538461538464,0.25,8.160493827160494,1,1,82
Li Tu,2024-10-02,1425.0317990142921,1488.0,0.3,0.5,0.42857142857142855,0.3125,37.7,1,-6,10
Federico Coria,2024-08-26,1423.967065066626,1530.4385001495837,0.425,0.5168539325842697,0.35714285714285715,0.2702702702702703,10.181818181818182,2,-8,110
Sumit Nagal,2024-11-04,1423.741762074174,1519.6210844721675,0.3617021276595745,0.4074074074074074,0.45454545454545453,0.3793103448275862,20.135135135135137,2,-7,37
Taro Daniel,2024-10-14,1422.4766473458208,1539.3229302327352,0.3697478991596639,0.3888888888888889,0.3125,0.40229885057471265,11.944954128440367,5,-2,109
Tennys Sandgren,2024-02-05,1421.066797985129,1512.0,0.34210526315789475,0.4,0.5,0.3333333333333333,15.107142857142858,1,-5,28
Carlos Taberner,2024-04-15,1420.509468350944,1500.3259689517417,0.38095238095238093,0.3939393939393939,0.45454545454545453,0.4444444444444444,19.15625,1,-8,32
Emilio Nava,2024-07-15,1420.3381441406802,1489.4094363762551,0.2962962962962963,0.45454545454545453,0.45454545454545453,0.32,32.64705882352941,1,-3,17
Maxime Cressy,2024-07-29,1420.1441372610448,1599.1371165626927,0.43119266055045874,0.2857142857142857,0.5294117647058824,0.44594594594594594,9.767676767676768,3,-2,99
Marc Andrea Huesler,2024-10-14,1419.6581608397498,1571.2257991126821,0.38271604938271603,0.3103448275862069,0.3888888888888889,0.46296296296296297,13.915492957746478,1,-1,71
Ramkumar Ramanathan,2024-10-02,1418.745647154945,1487.1718934486414,0.3333333333333333,0.5,0.6153846153846154,0.23809523809523808,40.714285714285715,2,-2,14
Pedro Sousa,2023-04-03,1418.5708570838653,1512.0,0.3181818181818182,0.375,0.45454545454545453,0.4,23.75,1,-7,12
Denis Kudla,2024-04-01,1416.169079415366,1534.4847993090145,0.38461538461538464,0.4,0.47368421052631576,0.39215686274509803,13.818181818181818,2,-3,55
Pablo Andujar,2023-04-17,1415.5468024265604,1514.0634559374146,0.3939393939393939,0.425,0.42857142857142855,0.40625,14.25,1,-5,56
Norbert Gombos,2024-09-15,1414.8576915943265,1500.472922512476,0.35555555555555557,0.48148148148148145,0.4166666666666667,0.3076923076923077,17.62857142857143,1,-4,35
Adam Walton,2025-07-01,1414.048783943077,1490.686586403638,0.32,0.45454545454545453,0.4666666666666667,0.3157894736842105,22.066666666666666,1,-6,15
Pedro Cachin,2024-07-15,1413.589688890386,1539.2608733257648,0.36,0.4230769230769231,0.4166666666666667,0.3225806451612903,11.846153846153847,1,-5,65
Daniel Elahi Galan,2024-07-29,1411.8251982068625,1542.1780037553037,0.40707964601769914,0.3898305084745763,0.5238095238095238,0.4074074074074074,12.194174757281553,6,1,104
Luca Nardi,2025-07-01,1409.7322396922998,1497.819365057142,0.2926829268292683,0.3333333333333333,0.4,0.36,24.161290322580644,1,-8,31
Juan Ignacio Londero,2022-05-23,1407.9551270462164,1488.0,0.3,0.3333333333333333,0.45454545454545453,0.4166666666666667,16.95,1,-2,20
Henri Laaksonen,2022-09-19,1407.6673823227409,1539.9934055518079,0.37777777777777777,0.43478260869565216,0.45454545454545453,0.3870967741935484,17.37142857142857,2,-7,35
Albert Ramos,2024-08-26,1405.2164891819552,1610.1187456259386,0.42857142857142855,0.5277777777777778,0.29411764705882354,0.30357142857142855,8.463576158940397,1,-6,151
Joao Sousa,2024-04-01,1403.8278449928805,1490.5812803744602,0.34210526315789475,0.3409090909090909,0.3333333333333333,0.43243243243243246,13.787878787878787,1,-2,66
Jo-Wilfried Tsonga,2022-05-23,1402.7421930680987,1501.6529606300214,0.2857142857142857,0.3125,0.4166666666666667,0.4,18.22222222222222,2,-5,18
Bernabe Zapata Miralles,2024-03-04,1402.3155333302484,1552.6173493704948,0.3786407766990291,0.49230769230769234,0.3125,0.2857142857142857,11.21505376344086,6,-5,93
Shintaro Mochizuki,2025-07-03,1402.0708771667585,1488.0,0.2647058823529412,0.45454545454545453,0.4,0.2857142857142857,28.583333333333332,2,-1,24
Mikhail Kukushkin,2024-10-14,1399.2559370801084,1512.0,0.2978723404255319,0.35714285714285715,0.38461538461538464,0.35,22.054054054054053,4,-2,37
Stefano Travaglia,2023-08-28,1396.0059654096824,1571.9660451497332,0.36538461538461536,0.3333333333333333,0.42857142857142855,0.4411764705882353,12.80952380952381,1,-4,42
Hugo Dellien,2025-07-01,1387.847623189431,1488.0,0.32142857142857145,0.375,0.38461538461538464,0.3333333333333333,19.97826086956522,1,-2,46
Dennis Novak,2023-09-15,1382.2210627840823,1512.5972047038613,0.3,0.375,0.42857142857142855,0.3333333333333333,22.9,1,-6,30
Salvatore Caruso,2022-01-17,1373.6463311004463,1512.814308212328,0.2857142857142857,0.3,0.4166666666666667,0.391304347826087,14.48,1,-2,25
Constant Lestienne,2024-08-26,1371.923156420623,1565.314566616396,0.3333333333333333,0.3333333333333333,0.35294117647058826,0.39215686274509803,13.88679245283019,2,-7,53
Fernando Verdasco,2023-04-17,1359.642995848376,1488.0,0.2926829268292683,0.4074074074074074,0.4166666666666667,0.2727272727272727,19.774193548387096,2,-6,31
Feliciano Lopez,2023-06-26,1358.5581257501299,1512.0147860198142,0.3157894736842105,0.36363636363636365,0.4230769230769231,0.3225806451612903,17.340425531914892,2,1,49
Benoit Paire,2024-07-15,1337.0653847084368,1488.0,0.27586206896551724,0.27906976744186046,0.375,0.32653061224489793,11.818181818181818,1,1,78
