k_overall,k_surface,tau,beta,n,cutoff_date,train_auc,test_auc,train_brier,test_brier,test_acc,thr
32,12,500,2.2,39613,2022-04-18 00:00:00,0.7707454688217898,0.7462849316360628,0.19470201662259606,0.2040652735806316,0.6719676890066894,0.5
32,14,500,2.2,39613,2022-04-18 00:00:00,0.7707512484023453,0.7462602029662933,0.19470088113278783,0.20407619916485245,0.6737346964533636,0.55
32,16,500,2.2,39613,2022-04-18 00:00:00,0.7707472692149057,0.7462539570651658,0.19470044070402384,0.20408559638135276,0.6734822668181244,0.55
32,18,500,2.2,39613,2022-04-18 00:00:00,0.7707391116814959,0.746241274061856,0.1947019333489159,0.20409494183063015,0.6733560520005049,0.55
32,20,500,2.2,39613,2022-04-18 00:00:00,0.7707304204032244,0.7462236835648034,0.1947042437611572,0.20410482815408384,0.6698220371071564,0.495
32,16,365,2.2,39613,2022-04-18 00:00:00,0.7710570802249714,0.7462093434856845,0.1945633773660976,0.20410248634057326,0.6727249779124069,0.505
32,14,365,2.2,39613,2022-04-18 00:00:00,0.771060111417806,0.7462060930677508,0.1945643191806181,0.2040994943069512,0.6724725482771677,0.505
32,18,365,2.2,39613,2022-04-18 00:00:00,0.7710536029170287,0.7462034799866669,0.19456301956576114,0.2041042746977848,0.6723463334595482,0.51
32,12,365,2.2,39613,2022-04-18 00:00:00,0.7710563274057263,0.7461978714223892,0.1945669230673264,0.20409930284560637,0.6725987630947873,0.505
32,20,365,2.2,39613,2022-04-18 00:00:00,0.7710518622714722,0.7461928364612763,0.194562880828891,0.20410696174194506,0.6727249779124069,0.51
32,24,500,2.2,39613,2022-04-18 00:00:00,0.770700799554981,0.7461738438231543,0.19471035540497125,0.20412479947618736,0.6718414741890698,0.54
32,24,365,2.2,39613,2022-04-18 00:00:00,0.7710336193500771,0.7461695099325761,0.19456565564812833,0.20411469746666466,0.6725987630947873,0.51
32,12,500,2.0,39613,2022-04-18 00:00:00,0.7707582747153019,0.7461302499826326,0.19469261464143572,0.2041198637557044,0.6723463334595482,0.51
32,14,500,2.0,39613,2022-04-18 00:00:00,0.7707622578859121,0.7461126594855798,0.1946909285219579,0.20412839580342126,0.6715890445538306,0.505
32,16,500,2.0,39613,2022-04-18 00:00:00,0.7707627119673617,0.74611227708347,0.19468990040635198,0.20413688423935902,0.6715890445538306,0.505
32,18,500,2.0,39613,2022-04-18 00:00:00,0.7707581472538423,0.7461078794592069,0.19468973450390809,0.20414257430085628,0.6718414741890698,0.505
32,20,500,2.0,39613,2022-04-18 00:00:00,0.7707503920206641,0.7460905438968941,0.1946910130243368,0.20415099194832514,0.6717152593714502,0.505
32,24,500,2.0,39613,2022-04-18 00:00:00,0.7707290203187547,0.746043189768959,0.19469573361295717,0.20416751595275368,0.6729774075476461,0.54
28,12,500,2.2,39613,2022-04-18 00:00:00,0.7704917687361106,0.7460199269739438,0.194787455733062,0.2041659539997591,0.6738609112709832,0.55
32,24,365,2.0,39613,2022-04-18 00:00:00,0.7709805675007192,0.7459868491914425,0.19458085810289416,0.2041835290791633,0.6727249779124069,0.53
28,14,500,2.2,39613,2022-04-18 00:00:00,0.7704796598974555,0.7459839174419338,0.19479177485954896,0.20418099285737135,0.6739871260886028,0.55
28,12,365,2.2,39613,2022-04-18 00:00:00,0.770816118318904,0.7459833438387691,0.19464586838623252,0.20418423281234171,0.6717152593714502,0.53
28,18,500,2.2,39613,2022-04-18 00:00:00,0.7704250227461945,0.7459829614366593,0.19480736118281472,0.2041985383018527,0.6723463334595482,0.54
32,20,365,2.0,39613,2022-04-18 00:00:00,0.7709958827917155,0.7459767792692168,0.19457873731698594,0.2041869147506039,0.6725987630947873,0.51
32,16,365,2.0,39613,2022-04-18 00:00:00,0.7709976234372722,0.7459653709396066,0.1945810141009719,0.20418531188801017,0.6725987630947873,0.505
32,18,365,2.0,39613,2022-04-18 00:00:00,0.7709976911511727,0.7459653709396066,0.19457938801601973,0.2041871044270975,0.6722201186419285,0.505
28,14,365,2.2,39613,2022-04-18 00:00:00,0.7708041727902437,0.7459638413311672,0.19464896152778183,0.2041923832035409,0.6712104001009719,0.5
28,16,500,2.2,39613,2022-04-18 00:00:00,0.7704612974809422,0.745962247989043,0.19479742558316637,0.20419389611556127,0.6731036223652657,0.545
32,14,365,2.0,39613,2022-04-18 00:00:00,0.7709916207991625,0.7459595711742741,0.1945837765319634,0.20418406884477983,0.6729774075476461,0.505
32,12,365,2.0,39613,2022-04-18 00:00:00,0.770984861358637,0.7459496924531033,0.1945884817565203,0.20418054762255475,0.6718414741890698,0.52
28,16,365,2.2,39613,2022-04-18 00:00:00,0.7707902715248139,0.7459458046983198,0.1946528684598298,0.20419789392927645,0.6718414741890698,0.54
28,18,365,2.2,39613,2022-04-18 00:00:00,0.7707650461053392,0.7459457409646348,0.19466153372443104,0.20418092702982035,0.6729774075476461,0.545
32,12,500,1.8,39613,2022-04-18 00:00:00,0.7707066767232165,0.7459095402315701,0.19470586536541482,0.20420360305888688,0.6718414741890698,0.52
28,20,500,2.2,39613,2022-04-18 00:00:00,0.7704073812835617,0.7458966660272054,0.194813802725203,0.20422636055866308,0.6728511927300265,0.545
28,12,500,2.0,39613,2022-04-18 00:00:00,0.7705289476505867,0.7458943716145464,0.19476881058020606,0.2042108372999882,0.6733560520005049,0.55
28,20,365,2.2,39613,2022-04-18 00:00:00,0.7707496511509306,0.7458937980113814,0.19466420535984447,0.20421103767952425,0.6718414741890698,0.54
28,24,365,2.2,39613,2022-04-18 00:00:00,0.770709616303127,0.7458715549553259,0.19467858772556823,0.20422724996635608,0.670579326012874,0.54
32,14,500,1.8,39613,2022-04-18 00:00:00,0.7707253179616724,0.7458693880100368,0.19469888763630344,0.20422782097907546,0.6718414741890698,0.505
28,14,500,2.0,39613,2022-04-18 00:00:00,0.7705188224308954,0.7458665199942129,0.19477234637812446,0.20422639578681978,0.6739871260886028,0.55
32,16,500,1.8,39613,2022-04-18 00:00:00,0.7707220039637248,0.7458568962077821,0.1946981473826017,0.20423290491570822,0.672093903824309,0.51
32,18,500,1.8,39613,2022-04-18 00:00:00,0.7707218924349477,0.7458530084529986,0.19469691490950003,0.20423785908158412,0.6723463334595482,0.51
32,20,500,1.8,39613,2022-04-18 00:00:00,0.7707169652529027,0.745851861246669,0.19469630571063737,0.20424680389227612,0.6715890445538306,0.51
28,16,500,2.0,39613,2022-04-18 00:00:00,0.7705009818097323,0.745840006781264,0.19477718406659383,0.20423892104866367,0.673608481635744,0.545
28,24,500,2.2,39613,2022-04-18 00:00:00,0.7703454011572808,0.7458333147443419,0.194832933850792,0.20425683839827782,0.6724725482771677,0.545
28,18,500,2.0,39613,2022-04-18 00:00:00,0.7704741631220132,0.7458020852387051,0.194783421502439,0.20425137609602084,0.6731036223652657,0.545
32,24,500,1.8,39613,2022-04-18 00:00:00,0.7707001483065863,0.7457808619216089,0.1946995279321682,0.20425498678923276,0.6722201186419285,0.54
28,20,500,2.0,39613,2022-04-18 00:00:00,0.7704513076890516,0.7457764005636608,0.19479107179448893,0.20426302258536205,0.6723463334595482,0.545
28,12,365,2.0,39613,2022-04-18 00:00:00,0.7707701326142086,0.7457478478727927,0.19465858411539397,0.20425809041759865,0.6718414741890698,0.53
32,18,240,2.2,39613,2022-04-18 00:00:00,0.771202537649317,0.7457423349090424,0.19449225765050415,0.20425513046743726,0.6718414741890698,0.51
28,14,365,2.0,39613,2022-04-18 00:00:00,0.7707669460777202,0.7457417294390352,0.19465926571150186,0.2042655520306804,0.6714628297362111,0.53
32,16,240,2.2,39613,2022-04-18 00:00:00,0.7711931333835063,0.7457374274152995,0.19449625868844944,0.2042552299829911,0.6718414741890698,0.51
32,20,240,2.2,39613,2022-04-18 00:00:00,0.7712094603998376,0.7457326473889265,0.1944896139160823,0.20426091709241812,0.6718414741890698,0.515
28,16,365,2.0,39613,2022-04-18 00:00:00,0.7707522641108511,0.7457306397778498,0.19466243848002762,0.20427178719942116,0.6719676890066894,0.5
28,24,500,2.0,39613,2022-04-18 00:00:00,0.7703948362877246,0.7457234378714479,0.19480863124515677,0.20428961856830952,0.6714628297362111,0.545
32,14,240,2.2,39613,2022-04-18 00:00:00,0.7711757149784275,0.7457233422709204,0.1945017942529603,0.2042536796137737,0.6724725482771677,0.51
32,24,240,2.2,39613,2022-04-18 00:00:00,0.7712069749013768,0.7457211753256313,0.19448869505763314,0.20426737498128375,0.6715890445538306,0.515
32,12,240,2.2,39613,2022-04-18 00:00:00,0.771159909757446,0.7457183073098075,0.19450838073067447,0.20425410361766372,0.672093903824309,0.51
28,18,365,2.0,39613,2022-04-18 00:00:00,0.770740326548532,0.7457149612913464,0.1946663034856139,0.20427681402557074,0.6718414741890698,0.5
28,20,365,2.0,39613,2022-04-18 00:00:00,0.7707214025049627,0.7456943753111,0.19467135036231262,0.20428319221689972,0.672093903824309,0.5
28,24,365,2.0,39613,2022-04-18 00:00:00,0.7706846019916945,0.7456493155958239,0.19468342965435884,0.20429854901229264,0.6722201186419285,0.5
28,12,500,1.8,39613,2022-04-18 00:00:00,0.7705120470576875,0.7456393731409681,0.1947694522955074,0.20430022995616803,0.6723463334595482,0.535
28,14,500,1.8,39613,2022-04-18 00:00:00,0.7705071119093012,0.7456096095100855,0.19477132388623983,0.20431256363512165,0.672093903824309,0.535
32,20,365,1.8,39613,2022-04-18 00:00:00,0.7708336841012952,0.7455866016498102,0.1946375681928177,0.20432226763784483,0.6722201186419285,0.53
28,16,500,1.8,39613,2022-04-18 00:00:00,0.7704904821720034,0.7455815666886974,0.19477500785257854,0.2043254337830169,0.6696958222895368,0.495
32,18,365,1.8,39613,2022-04-18 00:00:00,0.770831959388421,0.7455812480202724,0.19463936570688986,0.204320746881179,0.6724725482771677,0.515
24,12,365,2.2,39613,2022-04-18 00:00:00,0.7703952644785653,0.7455753207875699,0.19479541749353807,0.20433173480945138,0.6719676890066894,0.54
32,14,365,1.8,39613,2022-04-18 00:00:00,0.7708140112216513,0.7455684375495928,0.19464777407986525,0.20431656109620291,0.6728511927300265,0.515
32,12,365,1.8,39613,2022-04-18 00:00:00,0.7707964653551129,0.7455667167400984,0.1946545017304895,0.20431270525794998,0.672093903824309,0.515
32,16,365,1.8,39613,2022-04-18 00:00:00,0.7708234991340448,0.7455646772621795,0.1946427718022789,0.20431987325562959,0.672093903824309,0.515
24,14,365,2.2,39613,2022-04-18 00:00:00,0.7703652273889934,0.7455598972358064,0.19480642085631852,0.204346004585195,0.672093903824309,0.54
28,18,500,1.8,39613,2022-04-18 00:00:00,0.7704699290116546,0.7455582401599969,0.1947799522531061,0.20433576503328346,0.6703268963776348,0.535
32,24,365,1.8,39613,2022-04-18 00:00:00,0.7708315053069714,0.7455523129272945,0.194636105059466,0.20432820206824806,0.6724725482771677,0.505
28,12,240,2.2,39613,2022-04-18 00:00:00,0.7709442808164597,0.7455482977051412,0.19458502943017084,0.20432580332075226,0.6717152593714502,0.515
28,14,240,2.2,39613,2022-04-18 00:00:00,0.770947853720497,0.7455444736840429,0.1945837443088975,0.20432836913632027,0.6717152593714502,0.515
24,12,500,2.2,39613,2022-04-18 00:00:00,0.7700553207828328,0.7455417331355889,0.1949417428144309,0.20434404008837467,0.6664142370314274,0.48
24,16,365,2.2,39613,2022-04-18 00:00:00,0.770326670297486,0.7455387376523952,0.1948190348558991,0.20435805208932162,0.6714628297362111,0.54
28,16,240,2.2,39613,2022-04-18 00:00:00,0.7709446592176676,0.745534531229187,0.19458398510527244,0.20433368336305174,0.6719676890066894,0.515
28,18,240,2.2,39613,2022-04-18 00:00:00,0.7709375333254458,0.7455285402627996,0.1945852597574679,0.20433960524313163,0.6734822668181244,0.5
28,20,500,1.8,39613,2022-04-18 00:00:00,0.7704484437893827,0.7455281578606896,0.19478580561118813,0.20434545635638196,0.6714628297362111,0.54
28,20,240,2.2,39613,2022-04-18 00:00:00,0.7709223654117621,0.7455140727163106,0.19458822094221634,0.20434673463070716,0.6734822668181244,0.5
24,18,365,2.2,39613,2022-04-18 00:00:00,0.7702831023773509,0.7455024094519604,0.19483331389846803,0.2043688758483964,0.6713366149185914,0.54
24,14,500,2.2,39613,2022-04-18 00:00:00,0.7700201055714675,0.7454939966055439,0.19495448420825032,0.20437093805026324,0.6724725482771677,0.545
28,24,240,2.2,39613,2022-04-18 00:00:00,0.7708939415062872,0.7454850101559627,0.1945976759595355,0.2043609833469609,0.670831755648113,0.53
32,18,240,2.0,39613,2022-04-18 00:00:00,0.7709624281417601,0.7454744940979421,0.19458422615283927,0.20436253984071556,0.6724725482771677,0.51
28,24,500,1.8,39613,2022-04-18 00:00:00,0.7703994826562415,0.7454667185883753,0.19480159324165183,0.2043673309864816,0.6690647482014388,0.495
24,20,365,2.2,39613,2022-04-18 00:00:00,0.7702430754958884,0.7454661449852106,0.19484647521246445,0.20438168360398454,0.6704531111952543,0.54
32,20,240,2.0,39613,2022-04-18 00:00:00,0.7709715296866044,0.745465188979936,0.1945805101618967,0.20436579198168028,0.6722201186419285,0.51
32,12,240,2.0,39613,2022-04-18 00:00:00,0.7709078069231816,0.7454619385620023,0.19460310343204307,0.2043593262171054,0.6723463334595482,0.51
24,16,500,2.2,39613,2022-04-18 00:00:00,0.7699744305540795,0.7454591980135485,0.19497003659876558,0.20439228497461934,0.6713366149185914,0.54
32,14,240,2.0,39613,2022-04-18 00:00:00,0.7709292244315529,0.7454577958724791,0.19459557166196007,0.20435835235743793,0.6724725482771677,0.51
24,12,500,2.0,39613,2022-04-18 00:00:00,0.7701144549337128,0.7454542267861206,0.19491464255078694,0.20437679014156335,0.6714628297362111,0.54
32,16,240,2.0,39613,2022-04-18 00:00:00,0.7709482560207287,0.7454540993187506,0.19458895830949863,0.20436010158614992,0.6719676890066894,0.51
32,24,240,2.0,39613,2022-04-18 00:00:00,0.7709739395048236,0.7454493192923777,0.19457781698795074,0.20437293152468908,0.6722201186419285,0.51
28,12,365,1.8,39613,2022-04-18 00:00:00,0.7706223012201794,0.7454420536522907,0.1947146566035971,0.20436580675574775,0.6722201186419285,0.515
24,14,500,2.0,39613,2022-04-18 00:00:00,0.7700825218549303,0.7454092308045295,0.19492725330052724,0.2043990573047684,0.6717152593714502,0.54
24,12,365,2.0,39613,2022-04-18 00:00:00,0.7703754482047792,0.7454052155823762,0.19479872949869365,0.20439396131159143,0.6710841852833522,0.535
24,24,365,2.2,39613,2022-04-18 00:00:00,0.7701546610578526,0.7454039409086766,0.1948752407827714,0.20440712205844647,0.6699482519247759,0.54
24,18,500,2.2,39613,2022-04-18 00:00:00,0.7699277677103804,0.7453931699159161,0.19498734632934814,0.20441527383736902,0.674239555723842,0.555
28,14,365,1.8,39613,2022-04-18 00:00:00,0.7706243127213375,0.7453911941716821,0.1947117544500776,0.204384298810296,0.6715890445538306,0.52
24,14,365,2.0,39613,2022-04-18 00:00:00,0.7703440687867117,0.7453781287662624,0.1948076968158238,0.20440773978697027,0.6719676890066894,0.545
28,16,365,1.8,39613,2022-04-18 00:00:00,0.7706221817250611,0.7453758343536034,0.19471238613491856,0.2043909139901295,0.6710841852833522,0.535
28,18,365,1.8,39613,2022-04-18 00:00:00,0.770613924612386,0.7453658918987476,0.1947145552066297,0.20439703567149006,0.670831755648113,0.535
28,20,365,1.8,39613,2022-04-18 00:00:00,0.7705990116216213,0.7453594547965653,0.19471860581741957,0.20440251322064623,0.6702006815600151,0.535
24,16,500,2.0,39613,2022-04-18 00:00:00,0.7700405153376745,0.7453564593133716,0.19494125072806603,0.20441949654613764,0.6709579704657327,0.54
24,16,365,2.0,39613,2022-04-18 00:00:00,0.7703137887237324,0.7453548022375622,0.19481856378616516,0.2044218679888113,0.6707055408304935,0.54
24,20,500,2.2,39613,2022-04-18 00:00:00,0.7698764126917024,0.7453376578763043,0.19500511226850947,0.20443756325032572,0.674239555723842,0.555
28,24,365,1.8,39613,2022-04-18 00:00:00,0.7705615499020317,0.7453375304089344,0.19472863354100878,0.20441567137320318,0.6718414741890698,0.52
24,18,365,2.0,39613,2022-04-18 00:00:00,0.7702769284629051,0.7453370205394546,0.1948314909157857,0.20442574057029997,0.670579326012874,0.535
28,16,240,2.0,39613,2022-04-18 00:00:00,0.7707238999529353,0.7453238914003502,0.1946682734759717,0.20441537711764016,0.6717152593714502,0.505
28,12,240,2.0,39613,2022-04-18 00:00:00,0.7707237047775752,0.7453063646369824,0.19467050698482188,0.20441959651218533,0.6715890445538306,0.51
28,14,240,2.0,39613,2022-04-18 00:00:00,0.7707278313423277,0.7453061097022426,0.19466818771227817,0.20442200791707144,0.6719676890066894,0.5
24,18,500,2.0,39613,2022-04-18 00:00:00,0.7700002454828048,0.7453047712948582,0.194956566281802,0.20443765430931385,0.6713366149185914,0.54
22,12,365,2.2,39613,2022-04-18 00:00:00,0.7700836570585542,0.745302859284309,0.19490757828648045,0.20444033533378,0.6714628297362111,0.54
24,20,365,2.0,39613,2022-04-18 00:00:00,0.7702387537557764,0.7452938091010427,0.19484362887827084,0.20444303259494312,0.6707055408304935,0.535
28,18,240,2.0,39613,2022-04-18 00:00:00,0.7707258317906813,0.7452829106409122,0.19466767659662793,0.2044338039443643,0.6709579704657327,0.51
28,20,240,2.0,39613,2022-04-18 00:00:00,0.7707147267110197,0.7452729681860565,0.1946693153873225,0.2044405866924187,0.6717152593714502,0.5
22,14,365,2.2,39613,2022-04-18 00:00:00,0.7700338475100728,0.7452623883943509,0.19492412237174392,0.2044582467878787,0.6709579704657327,0.535
24,12,500,1.8,39613,2022-04-18 00:00:00,0.7701351116564975,0.7452556963574286,0.19490292886257193,0.20445025999704516,0.6722201186419285,0.54
24,20,500,2.0,39613,2022-04-18 00:00:00,0.7699494122594766,0.745250024059466,0.19497335470732127,0.20445691258357665,0.6704531111952543,0.54
22,12,500,2.2,39613,2022-04-18 00:00:00,0.7697453982439897,0.7452493867226163,0.19505606968835656,0.20447657914218761,0.6717152593714502,0.54
24,24,500,2.2,39613,2022-04-18 00:00:00,0.7697662839990846,0.7452453077667781,0.19504213999518671,0.20447304543106126,0.6734822668181244,0.555
24,24,365,2.0,39613,2022-04-18 00:00:00,0.7701568398521765,0.7452451165657231,0.19486989243520164,0.20446642520792638,0.6696958222895368,0.535
28,24,240,2.0,39613,2022-04-18 00:00:00,0.7706914371124616,0.7452409101425148,0.194676914894323,0.20445428087460588,0.6717152593714502,0.5
24,12,240,2.2,39613,2022-04-18 00:00:00,0.7705295730083725,0.7452296611471172,0.1947350707231371,0.20444479277839217,0.6719676890066894,0.52
22,16,365,2.2,39613,2022-04-18 00:00:00,0.7699848584947373,0.7452107641095226,0.1949420018968802,0.2044742233673676,0.670579326012874,0.54
24,14,500,1.8,39613,2022-04-18 00:00:00,0.7701048714252244,0.7452056016810397,0.194913726788129,0.2044688951581323,0.6718414741890698,0.54
24,14,240,2.2,39613,2022-04-18 00:00:00,0.770513931097386,0.7451991964456999,0.19473894810343167,0.20446301735061478,0.6723463334595482,0.545
24,16,240,2.2,39613,2022-04-18 00:00:00,0.7704927924109575,0.7451796939380979,0.19474635856052916,0.20447301122898884,0.6725987630947873,0.545
22,18,365,2.2,39613,2022-04-18 00:00:00,0.769931368496612,0.7451786423322959,0.19496068959654952,0.2044889269218212,0.6696958222895368,0.54
24,18,240,2.2,39613,2022-04-18 00:00:00,0.7704634603425834,0.7451740216401355,0.19475475436213205,0.20448208142948823,0.6727249779124069,0.545
24,16,500,1.8,39613,2022-04-18 00:00:00,0.770068584740965,0.7451732887027582,0.19492631782277894,0.20448704455789965,0.672093903824309,0.54
24,24,500,2.0,39613,2022-04-18 00:00:00,0.7698473295714915,0.7451597134278589,0.19500767261195087,0.20449385250554208,0.6729774075476461,0.545
22,14,500,2.2,39613,2022-04-18 00:00:00,0.7696939237301933,0.7451587574225843,0.19507597284480194,0.20450467662720836,0.6712104001009719,0.54
22,12,365,2.0,39613,2022-04-18 00:00:00,0.7700842346182926,0.7451537861951565,0.19490548861082027,0.2044940713067527,0.670579326012874,0.54
22,12,500,2.0,39613,2022-04-18 00:00:00,0.7698231815996669,0.74514499094663,0.19502395998408156,0.20449824498409905,0.6709579704657327,0.54
22,20,365,2.2,39613,2022-04-18 00:00:00,0.769878603435538,0.745137852773913,0.19497875708138357,0.2045032131453237,0.6724725482771677,0.555
24,20,240,2.2,39613,2022-04-18 00:00:00,0.7704365221597462,0.7451292805932841,0.19476393489087826,0.2044934301579867,0.6738609112709832,0.55
24,18,500,1.8,39613,2022-04-18 00:00:00,0.770028796849739,0.7451222380210946,0.19494012297276223,0.2045048084209758,0.6722201186419285,0.545
22,14,365,2.0,39613,2022-04-18 00:00:00,0.7700423914110319,0.7451175854620915,0.1949196044676507,0.20451209146695445,0.670831755648113,0.54
24,12,365,1.8,39613,2022-04-18 00:00:00,0.7702669506205264,0.74510923634936,0.1948409211117724,0.20449831547309782,0.675754133535277,0.555
22,16,500,2.2,39613,2022-04-18 00:00:00,0.7696373268589922,0.7450970632155302,0.19509704723407534,0.20453214895003285,0.673608481635744,0.555
32,14,240,1.8,39613,2022-04-18 00:00:00,0.7705257889962926,0.7450906898470327,0.19475281666991054,0.2044958380490375,0.6728511927300265,0.515
24,24,240,2.2,39613,2022-04-18 00:00:00,0.7703715526639224,0.7450891283717509,0.19478496214760702,0.20451276616602035,0.6712104001009719,0.545
22,16,365,2.0,39613,2022-04-18 00:00:00,0.769990307472132,0.7450862922227697,0.1949357457176366,0.20452786673857212,0.6702006815600151,0.54
24,14,365,1.8,39613,2022-04-18 00:00:00,0.7702415499415447,0.7450820857995614,0.1948489520197618,0.20450815906066722,0.6762589928057554,0.555
22,14,500,2.0,39613,2022-04-18 00:00:00,0.7697730693302192,0.7450763497679138,0.19504282496240558,0.20452615743056693,0.6743657705414615,0.555
24,20,500,1.8,39613,2022-04-18 00:00:00,0.76998683414736,0.745073545485775,0.19495481262048944,0.20452061759824244,0.6725987630947873,0.545
22,24,365,2.2,39613,2022-04-18 00:00:00,0.7697700022888494,0.7450688291930869,0.1950156728812188,0.20452994717124068,0.6660355925785687,0.485
24,16,365,1.8,39613,2022-04-18 00:00:00,0.7702168064857139,0.7450637304982891,0.19485624379542857,0.2045229833368538,0.6712104001009719,0.54
32,20,240,1.8,39613,2022-04-18 00:00:00,0.7705710577302785,0.7450630931614394,0.1947333839732963,0.2045141280716045,0.6722201186419285,0.505
32,24,240,1.8,39613,2022-04-18 00:00:00,0.7705802668207293,0.7450621371561648,0.19472839054492377,0.2045220024751254,0.6723463334595482,0.505
32,18,240,1.8,39613,2022-04-18 00:00:00,0.7705647802533967,0.745061372351945,0.19473731962145546,0.20451310091031774,0.6718414741890698,0.505
32,16,500,1.5,39613,2022-04-18 00:00:00,0.7703849839152201,0.7450578032655866,0.19482320588951452,0.20450450372721762,0.6727249779124069,0.515
24,18,365,1.8,39613,2022-04-18 00:00:00,0.770183865664767,0.7450455026643866,0.19486614693871776,0.20453453581748496,0.6703268963776348,0.54
32,16,240,1.8,39613,2022-04-18 00:00:00,0.7705487161263255,0.7450451202622769,0.19474415858544386,0.2045087139384321,0.6709579704657327,0.505
22,18,365,2.0,39613,2022-04-18 00:00:00,0.7699427404487045,0.7450414874422333,0.19495290603812848,0.20454175398657184,0.6660355925785687,0.485
32,12,240,1.8,39613,2022-04-18 00:00:00,0.7705016191170297,0.745028294569444,0.19476006185009503,0.2045096119694086,0.6719676890066894,0.505
24,20,365,1.8,39613,2022-04-18 00:00:00,0.7701494351380119,0.7450237694778108,0.1948773901389147,0.20454521626913494,0.6718414741890698,0.545
22,18,500,2.2,39613,2022-04-18 00:00:00,0.769570612734441,0.745018607049328,0.19512014611183673,0.20455887235594059,0.6733560520005049,0.555
32,18,500,1.5,39613,2022-04-18 00:00:00,0.7703969931746102,0.7450180334461631,0.19481707441918905,0.20451991532896008,0.6724725482771677,0.515
32,20,500,1.5,39613,2022-04-18 00:00:00,0.7703995822355068,0.7450175235766834,0.19481493513287093,0.20452354414672846,0.6728511927300265,0.515
22,16,500,2.0,39613,2022-04-18 00:00:00,0.7697226901883407,0.7450139544903249,0.19506083572640617,0.20455142004313573,0.6727249779124069,0.545
32,14,500,1.5,39613,2022-04-18 00:00:00,0.7703709910368663,0.7450111502081861,0.19482655818666073,0.2045108461999832,0.6729774075476461,0.515
24,24,500,1.8,39613,2022-04-18 00:00:00,0.7698883900857274,0.7450107678060763,0.19498725282394538,0.20455060376499432,0.6732298371828853,0.545
32,12,500,1.5,39613,2022-04-18 00:00:00,0.7703530986344851,0.745006688850238,0.1948333943774106,0.20450484303052,0.6724725482771677,0.515
22,20,365,2.0,39613,2022-04-18 00:00:00,0.7698919072253763,0.7449906916953096,0.1949701205719551,0.20455587038045084,0.6707055408304935,0.53
32,24,500,1.5,39613,2022-04-18 00:00:00,0.7704155547496538,0.7449843183268123,0.1948064788096409,0.20454606971388578,0.6723463334595482,0.52
22,12,500,1.8,39613,2022-04-18 00:00:00,0.7698630730533286,0.7449805580393989,0.1950052801495714,0.20455754526410438,0.6657831629433295,0.48
24,24,365,1.8,39613,2022-04-18 00:00:00,0.7700768777021756,0.7449753956109161,0.19490209104959647,0.2045658763208712,0.6703268963776348,0.535
24,12,240,2.0,39613,2022-04-18 00:00:00,0.7703484423080416,0.7449650070202654,0.1948066056168676,0.20454952269673157,0.6709579704657327,0.52
22,12,240,2.2,39613,2022-04-18 00:00:00,0.7702410839105833,0.744962107137599,0.19484211086368627,0.20455261838980318,0.6703268963776348,0.535
22,20,500,2.2,39613,2022-04-18 00:00:00,0.7695005208812123,0.7449527701527505,0.19514362498084442,0.20458512518841093,0.6665404518490471,0.485
22,18,500,2.0,39613,2022-04-18 00:00:00,0.7696541597379911,0.744951559212736,0.1950839198281215,0.20457525422842918,0.6738609112709832,0.555
24,14,240,2.0,39613,2022-04-18 00:00:00,0.7703302671005472,0.7449480538600625,0.19481131596520343,0.20455576211579507,0.6707055408304935,0.515
20,12,365,2.2,39613,2022-04-18 00:00:00,0.7696949155396753,0.7449412343557703,0.19505290527515284,0.20457782709430092,0.6709579704657327,0.54
24,20,240,2.0,39613,2022-04-18 00:00:00,0.7702608882348576,0.7449337137809435,0.1948342851107973,0.2045755228737101,0.6707055408304935,0.54
22,14,240,2.2,39613,2022-04-18 00:00:00,0.7702082386857312,0.7449304314961673,0.1948525934901214,0.20456395029614385,0.6710841852833522,0.54
24,16,240,2.0,39613,2022-04-18 00:00:00,0.7703138365217798,0.7449282326840357,0.19481733537750098,0.20456664823936743,0.6704531111952543,0.515
22,24,365,2.0,39613,2022-04-18 00:00:00,0.7697968687746156,0.7449188638323447,0.1950039837144199,0.20458392179447762,0.670579326012874,0.53
24,18,240,2.0,39613,2022-04-18 00:00:00,0.7702883721120684,0.7449094312469686,0.19482457048851334,0.20457687176311465,0.6707055408304935,0.515
22,16,240,2.2,39613,2022-04-18 00:00:00,0.7701782732932302,0.7449078697716868,0.19486433384921042,0.20457626260293651,0.670579326012874,0.54
22,14,500,1.8,39613,2022-04-18 00:00:00,0.7698133511346008,0.7449051610900754,0.19502183339251208,0.20458357387445505,0.6715890445538306,0.54
28,12,500,1.5,39613,2022-04-18 00:00:00,0.7702158784069617,0.7449042688184858,0.19487833601613205,0.2045588470485617,0.6717152593714502,0.53
28,14,240,1.8,39613,2022-04-18 00:00:00,0.7703535049178875,0.7449014008026621,0.19481319164750696,0.2045703716297332,0.6712104001009719,0.505
22,20,500,2.0,39613,2022-04-18 00:00:00,0.7695879634256193,0.7449007634658122,0.1951058309974133,0.20459673634091835,0.6732298371828853,0.555
28,12,240,1.8,39613,2022-04-18 00:00:00,0.7703462196988411,0.7448977679826185,0.19481631117902928,0.20456900834393107,0.6718414741890698,0.505
28,16,240,1.8,39613,2022-04-18 00:00:00,0.7703575040211801,0.7448948362331098,0.19481081508329576,0.20457441531904016,0.6704531111952543,0.505
22,18,240,2.2,39613,2022-04-18 00:00:00,0.7701381030176258,0.7448839696398217,0.19487624888048116,0.20458812530034332,0.6712104001009719,0.545
20,14,365,2.2,39613,2022-04-18 00:00:00,0.7696298862962924,0.7448828543003347,0.1950759471193269,0.20460021696850358,0.6727249779124069,0.55
28,18,240,1.8,39613,2022-04-18 00:00:00,0.7703590813567417,0.744879986284511,0.19480963488789504,0.20458029277487003,0.6707055408304935,0.505
28,24,240,1.8,39613,2022-04-18 00:00:00,0.7703274071840488,0.7448755249265628,0.19481663784029898,0.204589426375191,0.6713366149185914,0.51
28,14,500,1.5,39613,2022-04-18 00:00:00,0.7702201682817089,0.7448728481117939,0.19487616618510828,0.20457036277156637,0.6718414741890698,0.53
22,12,365,1.8,39613,2022-04-18 00:00:00,0.7699922393098781,0.7448699163622853,0.19494032807685766,0.2045944523162735,0.6714628297362111,0.525
28,20,240,1.8,39613,2022-04-18 00:00:00,0.7703545007105399,0.744868259286476,0.19481041823068881,0.20458717014731156,0.6704531111952543,0.505
22,20,240,2.2,39613,2022-04-18 00:00:00,0.770101278605334,0.7448610255132315,0.19488875368614775,0.20460029372024363,0.6713366149185914,0.545
22,24,500,2.2,39613,2022-04-18 00:00:00,0.7693712371211298,0.7448537917399869,0.19518950752158964,0.20463176286899593,0.6667928814842863,0.485
22,16,500,1.8,39613,2022-04-18 00:00:00,0.7697611317679003,0.7448493941157238,0.19504029530310105,0.20460650013782508,0.6702006815600151,0.535
28,16,500,1.5,39613,2022-04-18 00:00:00,0.7702146954052904,0.7448490117136141,0.19487624993888333,0.20457992558005092,0.6712104001009719,0.535
20,16,365,2.2,39613,2022-04-18 00:00:00,0.7695677448516016,0.744841618606157,0.19509969063913157,0.20461954272651167,0.670831755648113,0.54
22,14,365,1.8,39613,2022-04-18 00:00:00,0.7699608598918104,0.7448339705639602,0.19495188056531257,0.20461279639503402,0.6717152593714502,0.54
20,12,500,2.2,39613,2022-04-18 00:00:00,0.7693587757718756,0.7448319310860411,0.19520307413421306,0.2046433538786537,0.674239555723842,0.555
24,24,240,2.0,39613,2022-04-18 00:00:00,0.7702032796383215,0.744829955341807,0.1948515791945614,0.20460712602716247,0.6717152593714502,0.52
28,18,500,1.5,39613,2022-04-18 00:00:00,0.7702041400031733,0.744827342260723,0.1948782524368726,0.2045883699749336,0.6712104001009719,0.535
28,20,500,1.5,39613,2022-04-18 00:00:00,0.7701894660026452,0.7448244742448993,0.1948804922351596,0.2046056754179947,0.6715890445538306,0.535
20,12,365,2.0,39613,2022-04-18 00:00:00,0.7697069009000416,0.744817973409032,0.19504594404876638,0.20462707896951973,0.6728511927300265,0.55
22,18,500,1.8,39613,2022-04-18 00:00:00,0.7697003804497526,0.7448096242963005,0.19505969029602185,0.20462732478078632,0.6717152593714502,0.545
22,16,365,1.8,39613,2022-04-18 00:00:00,0.7699166347485248,0.7448089869594507,0.19496565578321765,0.20462666090538412,0.6707055408304935,0.54
22,24,240,2.2,39613,2022-04-18 00:00:00,0.7700199462446431,0.7448016257188362,0.19491559061318542,0.20462266234381074,0.6714628297362111,0.545
22,24,500,2.0,39613,2022-04-18 00:00:00,0.7694634156553926,0.7448001279772394,0.19514944523795136,0.20463900735363522,0.6724725482771677,0.555
20,18,365,2.2,39613,2022-04-18 00:00:00,0.7695001942612222,0.7447880185770945,0.19512356476387233,0.20463839727608626,0.6703268963776348,0.53
22,18,365,1.8,39613,2022-04-18 00:00:00,0.7698687411051071,0.7447815177412273,0.1949810761890759,0.2046354880828267,0.6695696074719172,0.54
20,12,500,2.0,39613,2022-04-18 00:00:00,0.7694427091429751,0.7447727224927009,0.19516590636759587,0.20465556511780886,0.6732298371828853,0.555
20,14,365,2.0,39613,2022-04-18 00:00:00,0.7696477468333086,0.7447690259389724,0.19506642289597514,0.204648705536884,0.6724725482771677,0.55
28,24,500,1.5,39613,2022-04-18 00:00:00,0.7701549996273546,0.7447567253377726,0.19489083725095083,0.2046127591267451,0.6715890445538306,0.5
22,20,500,1.8,39613,2022-04-18 00:00:00,0.7696417999595875,0.7447535386535239,0.19507959084835547,0.2046442783646172,0.6729774075476461,0.55
20,20,365,2.2,39613,2022-04-18 00:00:00,0.7694349499266263,0.7447431500628732,0.1951464291305953,0.20465599772329723,0.6704531111952543,0.53
22,20,365,1.8,39613,2022-04-18 00:00:00,0.7698275830031913,0.7447379876343905,0.19499611976138834,0.20465378727145703,0.669317177836678,0.54
20,14,500,2.2,39613,2022-04-18 00:00:00,0.7692834818978298,0.7447311681300983,0.19523056246896728,0.20467972857066077,0.6722201186419285,0.55
22,12,240,2.0,39613,2022-04-18 00:00:00,0.7700772282211891,0.7447246672942309,0.19490717482145187,0.2046434599357503,0.6712104001009719,0.52
20,16,365,2.0,39613,2022-04-18 00:00:00,0.7695875969739231,0.7447119842909213,0.1950881082798679,0.20466806876343782,0.6699482519247759,0.53
22,24,500,1.8,39613,2022-04-18 00:00:00,0.7695214285437456,0.7447071405308634,0.19512268475381536,0.20467529625177672,0.6724725482771677,0.55
22,14,240,2.0,39613,2022-04-18 00:00:00,0.7700511304873507,0.7447044637160944,0.19491612654856366,0.20465373067091097,0.6713366149185914,0.52
20,14,500,2.0,39613,2022-04-18 00:00:00,0.7693693232076515,0.7446851524095476,0.19519221583474788,0.20469461924297455,0.6732298371828853,0.55
22,16,240,2.0,39613,2022-04-18 00:00:00,0.7700199422614724,0.7446708760641135,0.1949259634381667,0.20466570647686327,0.6707055408304935,0.515
20,18,365,2.0,39613,2022-04-18 00:00:00,0.7695266265813919,0.7446703661946337,0.19511040649587025,0.20468595960980962,0.6703268963776348,0.53
22,24,365,1.8,39613,2022-04-18 00:00:00,0.7697345719862712,0.7446683904503997,0.19502723253646279,0.2046789766937818,0.6712104001009719,0.535
20,24,365,2.2,39613,2022-04-18 00:00:00,0.7693098624367817,0.7446550063765551,0.19519009266886872,0.20468827407028778,0.6664142370314274,0.485
20,16,500,2.2,39613,2022-04-18 00:00:00,0.7692023964937168,0.7446500351491272,0.19525905054707743,0.20471210997809464,0.6732298371828853,0.555
22,18,240,2.0,39613,2022-04-18 00:00:00,0.7699883278363387,0.7446472946006735,0.1949367883314436,0.20468010439529938,0.6695696074719172,0.54
32,24,365,1.5,39613,2022-04-18 00:00:00,0.7702060160765305,0.7446455100574941,0.19487754461263193,0.2046581214532687,0.6707055408304935,0.505
32,20,365,1.5,39613,2022-04-18 00:00:00,0.7701933695098432,0.7446435980469449,0.1948833291865771,0.20465475347362547,0.6743657705414615,0.515
20,12,240,2.2,39613,2022-04-18 00:00:00,0.7698688765329077,0.7446349939994735,0.19498118476391765,0.2046770095730395,0.6710841852833522,0.545
20,12,500,1.8,39613,2022-04-18 00:00:00,0.7694949922404053,0.7446349302657885,0.1951410619166368,0.20469980862750323,0.6723463334595482,0.545
20,20,365,2.0,39613,2022-04-18 00:00:00,0.7694689383214436,0.7446226296645888,0.19513221596118827,0.20470160692399775,0.670831755648113,0.53
20,16,500,2.0,39613,2022-04-18 00:00:00,0.7692944834150555,0.7446219923277388,0.1952194463121331,0.20472018382089305,0.6727249779124069,0.55
32,18,365,1.5,39613,2022-04-18 00:00:00,0.7701841444867098,0.7446202077845598,0.19488783209506264,0.2046507848973361,0.6741133409062224,0.515
32,16,365,1.5,39613,2022-04-18 00:00:00,0.770174636658463,0.7446186144424354,0.19489354616570007,0.2046491846546966,0.673608481635744,0.515
32,14,365,1.5,39613,2022-04-18 00:00:00,0.7701542786734741,0.7446131333455277,0.1949011051872237,0.20464781495570694,0.6744919853590812,0.515
22,20,240,2.0,39613,2022-04-18 00:00:00,0.7699517185152599,0.7446126872097328,0.19494828160016126,0.2046899242814904,0.6699482519247759,0.54
20,14,240,2.2,39613,2022-04-18 00:00:00,0.7698248983461999,0.7446096279928542,0.19499619023810302,0.20469184361855156,0.670831755648113,0.545
32,12,365,1.5,39613,2022-04-18 00:00:00,0.7701292922442358,0.7446042106296314,0.1949098316513997,0.20464844790154532,0.6731036223652657,0.52
24,12,500,1.5,39613,2022-04-18 00:00:00,0.7699061948583553,0.7445922286968565,0.19498578608642048,0.20467632408238845,0.6751230594471791,0.555
20,18,500,2.2,39613,2022-04-18 00:00:00,0.769121737288859,0.7445814577040961,0.19528881996654904,0.20474340194101895,0.6712104001009719,0.55
24,12,240,1.8,39613,2022-04-18 00:00:00,0.7700195120790465,0.7445812027693561,0.19493619068599558,0.20468738349907242,0.6717152593714502,0.505
20,16,240,2.2,39613,2022-04-18 00:00:00,0.7697769847869291,0.7445746381998037,0.19501217582831595,0.20470561330826026,0.6712104001009719,0.545
22,24,240,2.0,39613,2022-04-18 00:00:00,0.7698786591999265,0.7445676274944568,0.19497290972531356,0.20471198677732833,0.6702006815600151,0.515
24,14,240,1.8,39613,2022-04-18 00:00:00,0.7700062401545731,0.7445631661365086,0.1949397294973772,0.20469423175572327,0.6713366149185914,0.505
24,14,500,1.5,39613,2022-04-18 00:00:00,0.7698883622035331,0.7445605530554248,0.19499183705908477,0.2046937921790043,0.6751230594471791,0.555
24,16,240,1.8,39613,2022-04-18 00:00:00,0.7699923866871906,0.7445539247521875,0.19494367977078209,0.20470223781764602,0.670579326012874,0.5
20,18,500,2.0,39613,2022-04-18 00:00:00,0.7692180105225092,0.7445485073889648,0.19524702002370092,0.20474710278077152,0.6743657705414615,0.56
20,14,500,1.8,39613,2022-04-18 00:00:00,0.7694305206409076,0.74454806125317,0.19516476567547242,0.20473068830527036,0.672093903824309,0.545
20,12,365,1.8,39613,2022-04-18 00:00:00,0.7696463447572539,0.7445430262920572,0.19506976421203165,0.20471739818546522,0.6707055408304935,0.54
20,18,240,2.2,39613,2022-04-18 00:00:00,0.7697297603161739,0.7445425801562622,0.1950279723564889,0.20471977920080142,0.670579326012874,0.54
24,18,240,1.8,39613,2022-04-18 00:00:00,0.7699719649714718,0.7445400945425483,0.19494892474972703,0.20471240297418747,0.6713366149185914,0.51
20,24,365,2.0,39613,2022-04-18 00:00:00,0.7693500287292154,0.7445285587455681,0.1951734651690413,0.20473296119222775,0.6707055408304935,0.53
24,20,240,1.8,39613,2022-04-18 00:00:00,0.7699517145320893,0.7445283038108281,0.19495514030796937,0.20472370984347013,0.6717152593714502,0.51
24,16,500,1.5,39613,2022-04-18 00:00:00,0.7698602728843896,0.744526264332909,0.19500037927058322,0.20470834359368703,0.6751230594471791,0.555
28,16,365,1.5,39613,2022-04-18 00:00:00,0.7700296611977615,0.7445106495800906,0.19494109254233138,0.2047035353806815,0.6717152593714502,0.51
24,18,500,1.5,39613,2022-04-18 00:00:00,0.7698305584316371,0.7445088013032263,0.19500985546408073,0.2047239165036189,0.6717152593714502,0.52
20,20,240,2.2,39613,2022-04-18 00:00:00,0.7696844756495058,0.7445077178305819,0.19504397063181686,0.20473313515051444,0.6702006815600151,0.54
28,12,365,1.5,39613,2022-04-18 00:00:00,0.7700163613910938,0.7445044674126482,0.19494761905486013,0.2046951468064325,0.6723463334595482,0.51
28,18,365,1.5,39613,2022-04-18 00:00:00,0.7700318081267203,0.7445017905978792,0.19494044758010481,0.2047086329217043,0.6717152593714502,0.505
28,14,365,1.5,39613,2022-04-18 00:00:00,0.7700251562318012,0.7444998148536452,0.19494364394046462,0.20469820309066541,0.6717152593714502,0.51
20,20,500,2.2,39613,2022-04-18 00:00:00,0.7690405602718221,0.7444978391094109,0.19531766048307173,0.20477510432046533,0.6681812444781017,0.49
28,20,365,1.5,39613,2022-04-18 00:00:00,0.7700293783926482,0.7444917206756535,0.19494095451123938,0.20471507204135386,0.6724725482771677,0.51
20,20,500,2.0,39613,2022-04-18 00:00:00,0.7691412070268021,0.7444845187692515,0.19527483093586684,0.20477299266892612,0.6683074592957213,0.49
20,14,365,1.8,39613,2022-04-18 00:00:00,0.7695973995567951,0.744483371562922,0.19508771595893792,0.20473754165242494,0.6698220371071564,0.54
28,24,365,1.5,39613,2022-04-18 00:00:00,0.7700030854834499,0.7444729829722714,0.19494619872760818,0.20472724172190868,0.672093903824309,0.515
24,20,500,1.5,39613,2022-04-18 00:00:00,0.7697929812000999,0.7444722819017366,0.195021360051275,0.20473667176190385,0.6714628297362111,0.54
20,16,500,1.8,39613,2022-04-18 00:00:00,0.7693602455618309,0.7444655261311295,0.19518997563171295,0.204759218195328,0.6723463334595482,0.55
24,24,240,1.8,39613,2022-04-18 00:00:00,0.7699031118843029,0.7444629130500456,0.19497163077421736,0.20474297039095685,0.6703268963776348,0.515
20,24,240,2.2,39613,2022-04-18 00:00:00,0.7695930817998535,0.7444306638054491,0.19507575170237532,0.2047565620992851,0.6694433926542976,0.535
20,16,365,1.8,39613,2022-04-18 00:00:00,0.7695421211150658,0.7444277957896254,0.19510658329053712,0.2047563303482666,0.6698220371071564,0.54
20,18,500,1.8,39613,2022-04-18 00:00:00,0.769287457102099,0.7444213586874431,0.19521561851455824,0.20478309798892624,0.6715890445538306,0.55
20,12,240,2.0,39613,2022-04-18 00:00:00,0.7697342135009162,0.7444176621337146,0.19503578118082454,0.2047625757730564,0.670831755648113,0.515
24,24,500,1.5,39613,2022-04-18 00:00:00,0.7697233713105149,0.74440478792935,0.19504554030961888,0.20476284349208565,0.6699482519247759,0.54
20,14,240,2.0,39613,2022-04-18 00:00:00,0.7696921990173191,0.7443918499913005,0.19504915352705968,0.20477524240556952,0.6717152593714502,0.545
22,12,500,1.5,39613,2022-04-18 00:00:00,0.7696640818159812,0.7443853491554331,0.19507335718250796,0.2047677470724039,0.6725987630947873,0.54
20,18,365,1.8,39613,2022-04-18 00:00:00,0.7694837198675784,0.7443819712701295,0.19512614323115687,0.20477319372217545,0.6731036223652657,0.55
22,12,240,1.8,39613,2022-04-18 00:00:00,0.7697788528939453,0.7443722200163287,0.1950248908010418,0.2047721997902026,0.6715890445538306,0.51
20,24,500,2.2,39613,2022-04-18 00:00:00,0.7688903568996945,0.7443671213215307,0.19537306599254994,0.20482278184658717,0.6676763852076234,0.49
20,20,500,1.8,39613,2022-04-18 00:00:00,0.7692177914481255,0.7443574975350997,0.19524090410436512,0.20480551237366926,0.6712104001009719,0.55
20,16,240,2.0,39613,2022-04-18 00:00:00,0.7696500252068977,0.7443557129919205,0.19506313897639085,0.20478979725481217,0.6715890445538306,0.545
20,20,365,1.8,39613,2022-04-18 00:00:00,0.7694218572448303,0.744354247117166,0.19514635813792058,0.2047886652769825,0.6719676890066894,0.55
20,24,500,2.0,39613,2022-04-18 00:00:00,0.7689824677200567,0.7443502956286977,0.19532932939392564,0.2048245787633397,0.6672977407547646,0.49
22,14,240,1.8,39613,2022-04-18 00:00:00,0.7697534243327695,0.7443484473518335,0.1950322134578759,0.2047814689428056,0.670579326012874,0.515
22,14,500,1.5,39613,2022-04-18 00:00:00,0.7696359646146436,0.7443428387875559,0.19508463525683853,0.20478870736359467,0.6710841852833522,0.545
20,18,240,2.0,39613,2022-04-18 00:00:00,0.7696065727987105,0.7443324501969052,0.19507778755116387,0.2048039536479248,0.670579326012874,0.545
22,16,240,1.8,39613,2022-04-18 00:00:00,0.7697270876086943,0.744323591214694,0.19504039600917775,0.20479198445516442,0.670831755648113,0.52
22,18,240,1.8,39613,2022-04-18 00:00:00,0.7696989584578448,0.7443004558870487,0.19504891142102626,0.20480448092316597,0.6728511927300265,0.545
20,20,240,2.0,39613,2022-04-18 00:00:00,0.7695637975295269,0.7442954209259357,0.19509214333537275,0.20481632343818432,0.6707055408304935,0.545
22,16,500,1.5,39613,2022-04-18 00:00:00,0.7695940895420179,0.7442921067743171,0.19509795585831516,0.20480815128298346,0.6718414741890698,0.545
20,24,365,1.8,39613,2022-04-18 00:00:00,0.7693142080759174,0.7442719031961806,0.19518445803385256,0.20481831558307426,0.6741133409062224,0.555
20,24,240,2.0,39613,2022-04-18 00:00:00,0.7694742558542081,0.7442680791750821,0.19512397325853673,0.2048283255940257,0.6696958222895368,0.535
22,20,240,1.8,39613,2022-04-18 00:00:00,0.7696675113258767,0.7442654660939982,0.19505886667497996,0.20481625456851751,0.6704531111952543,0.515
22,18,500,1.5,39613,2022-04-18 00:00:00,0.7695499400789737,0.7442509348138244,0.19511294723730116,0.2048257856224325,0.6723463334595482,0.55
20,24,500,1.8,39613,2022-04-18 00:00:00,0.7690750585124775,0.7442382518105146,0.1952907144856942,0.20484601648923753,0.6713366149185914,0.55
24,12,365,1.5,39613,2022-04-18 00:00:00,0.7697385671063932,0.7442355112620608,0.19504707568446714,0.20479959418198698,0.6712104001009719,0.505
24,14,365,1.5,39613,2022-04-18 00:00:00,0.7697245543121863,0.744227990687234,0.19505063176636192,0.20480577420119972,0.6717152593714502,0.505
22,20,500,1.5,39613,2022-04-18 00:00:00,0.7695027833221191,0.7442183669008029,0.19512905960398824,0.2048414301800499,0.6728511927300265,0.55
24,16,365,1.5,39613,2022-04-18 00:00:00,0.7697064547849332,0.7442133956733751,0.19505509243344712,0.204815665724422,0.6717152593714502,0.505
22,24,240,1.8,39613,2022-04-18 00:00:00,0.7696029799788199,0.7442004577353254,0.1950800933556286,0.20483904097183228,0.6696958222895368,0.515
24,18,365,1.5,39613,2022-04-18 00:00:00,0.7696900520883603,0.7441917899541691,0.1950613824330406,0.20482615272965185,0.670831755648113,0.505
24,20,365,1.5,39613,2022-04-18 00:00:00,0.7696675909892889,0.7441720962455123,0.19506865206735485,0.204836490072199,0.6703268963776348,0.505
24,24,365,1.5,39613,2022-04-18 00:00:00,0.7696077836825759,0.7441351944419128,0.19508646010201783,0.2048563830611419,0.6733560520005049,0.545
22,24,500,1.5,39613,2022-04-18 00:00:00,0.769410138756895,0.7441302232144849,0.1951608554981962,0.20487500488254434,0.6712104001009719,0.545
20,12,240,1.8,39613,2022-04-18 00:00:00,0.7694713481396628,0.7440941499487901,0.19513866993652126,0.20488233757010677,0.6724725482771677,0.55
20,12,500,1.5,39613,2022-04-18 00:00:00,0.769356820035106,0.744082168016015,0.19518891874429792,0.20488863294763618,0.6710841852833522,0.545
22,12,365,1.5,39613,2022-04-18 00:00:00,0.7695215639715464,0.744056100938861,0.1951262165125346,0.20487709513436664,0.6737346964533636,0.545
20,14,240,1.8,39613,2022-04-18 00:00:00,0.769433591665448,0.744053487857777,0.19515038894051423,0.20489321298583243,0.6727249779124069,0.55
22,14,365,1.5,39613,2022-04-18 00:00:00,0.7695003376553642,0.7440395939144528,0.1951324118929568,0.20489125847169598,0.6737346964533636,0.545
20,14,500,1.5,39613,2022-04-18 00:00:00,0.7693048794903483,0.7440355149586146,0.19520691263095444,0.20491226028632792,0.6725987630947873,0.55
32,18,240,1.5,39613,2022-04-18 00:00:00,0.7695279211118403,0.7440290778564322,0.19514589669170815,0.20488536269260055,0.6694433926542976,0.5
32,24,240,1.5,39613,2022-04-18 00:00:00,0.7695667291430959,0.7440262735742933,0.19512996227180404,0.20489464015439166,0.6702006815600151,0.5
32,20,240,1.5,39613,2022-04-18 00:00:00,0.7695437143833099,0.7440254450363888,0.19513932812201634,0.20488748313929084,0.6700744667423956,0.5
22,16,365,1.5,39613,2022-04-18 00:00:00,0.7694706988828532,0.7440172233910272,0.19514244647242845,0.20490172106630675,0.6729774075476461,0.545
20,16,240,1.8,39613,2022-04-18 00:00:00,0.7693999657391563,0.7440159487173277,0.1951614092252784,0.20490827540201723,0.6702006815600151,0.515
22,18,365,1.5,39613,2022-04-18 00:00:00,0.7694362524234158,0.7439942792644368,0.19515279218676793,0.20491482370776992,0.6744919853590812,0.55
32,16,240,1.5,39613,2022-04-18 00:00:00,0.7695103314304252,0.7439924309875726,0.19515304854679355,0.20488491657169403,0.669317177836678,0.5
20,18,240,1.8,39613,2022-04-18 00:00:00,0.769363575492461,0.7439901365749135,0.19517383458464735,0.20492201829089635,0.669317177836678,0.515
32,14,240,1.5,39613,2022-04-18 00:00:00,0.7694904275268859,0.7439829984021966,0.19516182322965783,0.20488621023900955,0.6695696074719172,0.5
20,16,500,1.5,39613,2022-04-18 00:00:00,0.7692562409940263,0.7439804490547977,0.19522580518255062,0.20493635888176498,0.6725987630947873,0.55
22,20,365,1.5,39613,2022-04-18 00:00:00,0.7694042436643916,0.7439767525010691,0.19516376992546267,0.20492706869767868,0.6724725482771677,0.545
20,20,240,1.8,39613,2022-04-18 00:00:00,0.7693284638435316,0.7439673836493779,0.1951860567448224,0.2049333034171411,0.6686861037485801,0.515
32,12,240,1.5,39613,2022-04-18 00:00:00,0.7694590839573537,0.7439665551114734,0.1951722794291216,0.20488902953999116,0.6690647482014388,0.495
16,12,365,2.2,39613,2022-04-18 00:00:00,0.7686005633135304,0.7439636233619646,0.19547562077701114,0.20498783441302276,0.6723463334595482,0.555
20,18,500,1.5,39613,2022-04-18 00:00:00,0.7691988753708975,0.7439270402267899,0.19524519131715018,0.2049585110060861,0.6722201186419285,0.55
28,14,240,1.5,39613,2022-04-18 00:00:00,0.7693764490998733,0.7439232162056916,0.19519899309866584,0.20492536587311722,0.6690647482014388,0.5
28,16,240,1.5,39613,2022-04-18 00:00:00,0.7693820733367751,0.7439205393909226,0.19519479807178966,0.20492772600965967,0.6689385333838193,0.5
28,18,240,1.5,39613,2022-04-18 00:00:00,0.7693843198449992,0.7439107244034368,0.19519212472364406,0.20493248655770077,0.6695696074719172,0.5
22,24,365,1.5,39613,2022-04-18 00:00:00,0.7693347453035839,0.7439091310613125,0.19518848936189187,0.20495349101395696,0.6727249779124069,0.545
20,24,240,1.8,39613,2022-04-18 00:00:00,0.7692472589443001,0.7439089398602575,0.1952130215093008,0.20495987735756696,0.6718414741890698,0.55
28,12,240,1.5,39613,2022-04-18 00:00:00,0.7693594807930737,0.7439014830191155,0.1952050859920829,0.20492504472432738,0.6690647482014388,0.5
28,20,240,1.5,39613,2022-04-18 00:00:00,0.7693901193414078,0.7438995072748814,0.1951901326583216,0.20493677656596518,0.6696958222895368,0.5
28,24,240,1.5,39613,2022-04-18 00:00:00,0.7693830372640627,0.7438879077442163,0.19518960176070083,0.2049497563737184,0.6729774075476461,0.515
20,20,500,1.5,39613,2022-04-18 00:00:00,0.7691326910080374,0.7438808333051843,0.19526726197916236,0.20497566759879723,0.672093903824309,0.55
16,14,365,2.2,39613,2022-04-18 00:00:00,0.7685007848897435,0.743871655654548,0.19551316295957843,0.2050187732897556,0.670831755648113,0.54
16,12,365,2.0,39613,2022-04-18 00:00:00,0.7686576222325224,0.7438473731205734,0.19545038340585463,0.20501700511161097,0.6696958222895368,0.52
20,12,365,1.5,39613,2022-04-18 00:00:00,0.7692448451429105,0.7438224532497488,0.19523020105564232,0.2049803883422641,0.6714628297362111,0.525
16,16,365,2.2,39613,2022-04-18 00:00:00,0.7683976845016676,0.7437824922292705,0.19554953210464174,0.20504351281707933,0.670831755648113,0.54
20,14,365,1.5,39613,2022-04-18 00:00:00,0.769211378543443,0.7437802615502964,0.19524177551040375,0.20499777672429365,0.670579326012874,0.525
20,24,500,1.5,39613,2022-04-18 00:00:00,0.7690143111775004,0.7437695542912208,0.19530773412230323,0.2050096686090247,0.6717152593714502,0.55
16,14,365,2.0,39613,2022-04-18 00:00:00,0.7685617154505686,0.7437612689121744,0.19548478038681497,0.20504712908583878,0.6702006815600151,0.52
16,14,240,2.2,39613,2022-04-18 00:00:00,0.7687822914894529,0.7437576679589732,0.19539719800769675,0.20503185299589327,0.6699482519247759,0.53
24,12,240,1.5,39613,2022-04-18 00:00:00,0.7691347224250487,0.7437538758047174,0.1952876143287608,0.20500076929487282,0.6704531111952543,0.5
16,12,240,2.2,39613,2022-04-18 00:00:00,0.7688508179566318,0.7437524417968056,0.19537147434194685,0.20502318922991325,0.6664142370314274,0.48
20,16,365,1.5,39613,2022-04-18 00:00:00,0.7691697145788596,0.7437481397730699,0.19525526433663326,0.2050129619237934,0.6737346964533636,0.55
20,18,365,1.5,39613,2022-04-18 00:00:00,0.7691252305294844,0.7437028251230537,0.19527006224459206,0.2050286312290763,0.6732298371828853,0.55
24,14,240,1.5,39613,2022-04-18 00:00:00,0.7691312092685705,0.7436982362977356,0.19528584169680724,0.2050187374147211,0.6723463334595482,0.515
16,18,365,2.2,39613,2022-04-18 00:00:00,0.7683004473407301,0.7436968341566663,0.19558304137270982,0.2050679487802608,0.6713366149185914,0.54
24,16,240,1.5,39613,2022-04-18 00:00:00,0.7691225339229811,0.7436898234513193,0.19528733412760685,0.20502508667420577,0.6695696074719172,0.5
24,18,240,1.5,39613,2022-04-18 00:00:00,0.7691125919291381,0.7436823666101774,0.19529005327169033,0.20503249663152062,0.6696958222895368,0.5
16,16,365,2.0,39613,2022-04-18 00:00:00,0.7684659679954393,0.7436779689859143,0.19551835136121865,0.20507259375391432,0.6702006815600151,0.52
20,20,365,1.5,39613,2022-04-18 00:00:00,0.7690786991304153,0.7436672617268387,0.19528606179588853,0.20504095232753922,0.6722201186419285,0.545
16,12,500,2.0,39613,2022-04-18 00:00:00,0.7683454014042372,0.7436518381750752,0.1955859557202247,0.2051144049750387,0.6724725482771677,0.555
24,20,240,1.5,39613,2022-04-18 00:00:00,0.769101012852174,0.7436492250939912,0.19529293285474586,0.20504277115229624,0.6710841852833522,0.515
16,20,365,2.2,39613,2022-04-18 00:00:00,0.7682066874877351,0.7436400474433551,0.19561330746759198,0.20508754559713996,0.6713366149185914,0.54
16,12,500,2.2,39613,2022-04-18 00:00:00,0.7682346851939547,0.7436342476780224,0.19563465403066274,0.20513672112332076,0.6678026000252429,0.49
16,16,240,2.2,39613,2022-04-18 00:00:00,0.7687138486688568,0.7436337696753852,0.19541916818338567,0.2050622769288524,0.6700744667423956,0.535
16,12,365,1.8,39613,2022-04-18 00:00:00,0.7686667038615138,0.7436308697927189,0.195444662391894,0.20508108779158982,0.6699482519247759,0.52
16,18,365,2.0,39613,2022-04-18 00:00:00,0.7683783661242078,0.7436065872587441,0.19555025524662284,0.20509451900345232,0.6703268963776348,0.52
20,24,365,1.5,39613,2022-04-18 00:00:00,0.7689916270208751,0.7436042928460851,0.19531536246279693,0.20506904308315288,0.6715890445538306,0.545
24,24,240,1.5,39613,2022-04-18 00:00:00,0.769071302382592,0.7435909725059255,0.19530276516771855,0.20505848993767445,0.6707055408304935,0.515
16,12,500,1.8,39613,2022-04-18 00:00:00,0.7684467133487093,0.7435866386153475,0.19554310398345445,0.2051208291804884,0.6722201186419285,0.555
16,18,240,2.2,39613,2022-04-18 00:00:00,0.7686454775453317,0.7435847584716407,0.19544123611476932,0.20507840507725447,0.6700744667423956,0.535
16,12,240,2.0,39613,2022-04-18 00:00:00,0.7687828332006559,0.7435842804690034,0.19539752346342337,0.20508971672961115,0.6676763852076234,0.485
16,14,365,1.8,39613,2022-04-18 00:00:00,0.7685808466190096,0.7435616550108379,0.19547570866111755,0.20510973581363118,0.6698220371071564,0.52
16,20,240,2.2,39613,2022-04-18 00:00:00,0.7685862876300633,0.7435357472678963,0.19546201319707868,0.20509265399375565,0.6704531111952543,0.535
16,20,365,2.0,39613,2022-04-18 00:00:00,0.7682919870863538,0.7435301068367762,0.1955793469033584,0.20511363951659078,0.6715890445538306,0.525
16,14,240,2.0,39613,2022-04-18 00:00:00,0.7687200584318382,0.7435291508315015,0.19541986956207985,0.2051076120729263,0.6683074592957213,0.495
16,14,500,2.0,39613,2022-04-18 00:00:00,0.7682318013784327,0.7435155755566023,0.19563061246901567,0.20516140130263213,0.6718414741890698,0.555
16,14,500,2.2,39613,2022-04-18 00:00:00,0.7681047701013304,0.7435100944596945,0.1956832380319953,0.20517751187859418,0.6713366149185914,0.555
16,24,365,2.2,39613,2022-04-18 00:00:00,0.7680572229937557,0.743508947253365,0.19566625329254494,0.20512265879130281,0.6699482519247759,0.53
22,12,240,1.5,39613,2022-04-18 00:00:00,0.7689627888656567,0.7435074176449256,0.1953507734616764,0.20508307453792538,0.6698220371071564,0.515
22,14,240,1.5,39613,2022-04-18 00:00:00,0.7689492062538759,0.7434981125269196,0.19535380496236157,0.205090346088012,0.6695696074719172,0.505
16,16,365,1.8,39613,2022-04-18 00:00:00,0.7685003069092703,0.7434812231004015,0.19550470624929847,0.20514058243728986,0.6698220371071564,0.52
22,16,240,1.5,39613,2022-04-18 00:00:00,0.7689348349743139,0.7434789286877426,0.19535828938647454,0.2050988913358832,0.6704531111952543,0.515
16,16,240,2.0,39613,2022-04-18 00:00:00,0.768659068123454,0.7434723003845052,0.19544112624538404,0.2051256691406389,0.6675501703900037,0.485
22,18,240,1.5,39613,2022-04-18 00:00:00,0.7689152576907646,0.7434649710107333,0.1953639049924981,0.2051082387073353,0.6707055408304935,0.515
16,14,500,1.8,39613,2022-04-18 00:00:00,0.7683346269277365,0.7434556658927272,0.1955843470085973,0.20516255668716873,0.6714628297362111,0.555
16,24,240,2.2,39613,2022-04-18 00:00:00,0.7684773718128964,0.7434522561405812,0.19549967163883358,0.2051155788886915,0.6700744667423956,0.535
22,20,240,1.5,39613,2022-04-18 00:00:00,0.7688965128898727,0.7434385215314695,0.1953699037881601,0.2051186368342202,0.6707055408304935,0.515
16,24,365,2.0,39613,2022-04-18 00:00:00,0.7681424628448152,0.7434284516092435,0.19562995530941063,0.20514686240832444,0.6680550296604821,0.505
16,18,365,1.8,39613,2022-04-18 00:00:00,0.7684148360343153,0.7434269220008044,0.19553469481670582,0.20515516265938824,0.6703268963776348,0.525
16,18,240,2.0,39613,2022-04-18 00:00:00,0.76859847214896,0.7434218870396915,0.19546197954281536,0.2051403446970023,0.6703268963776348,0.535
16,16,500,2.0,39613,2022-04-18 00:00:00,0.768116548336825,0.743408375498477,0.19567380312411714,0.20519937917265899,0.6731036223652657,0.56
16,16,500,2.2,39613,2022-04-18 00:00:00,0.7679890868772967,0.7433962660983321,0.19572678786579278,0.205228674545098,0.6690647482014388,0.5
22,24,240,1.5,39613,2022-04-18 00:00:00,0.7688574419693567,0.7433761262538805,0.19538395385936275,0.20513979680128577,0.669317177836678,0.495
16,20,240,2.0,39613,2022-04-18 00:00:00,0.7685408077880354,0.7433740230422765,0.1954815511564031,0.20515538516004928,0.6704531111952543,0.535
16,20,365,1.8,39613,2022-04-18 00:00:00,0.7683358776433082,0.7433610851042269,0.19556211755214553,0.20517400116717083,0.6685598889309605,0.52
16,16,500,1.8,39613,2022-04-18 00:00:00,0.7682242931018324,0.7433438770092841,0.1956245029581777,0.2051989525639441,0.6717152593714502,0.555
20,12,240,1.5,39613,2022-04-18 00:00:00,0.7687387474683416,0.7433267963817112,0.1954346325045652,0.20517100238487418,0.6695696074719172,0.51
16,12,240,1.8,39613,2022-04-18 00:00:00,0.7686277245539219,0.743317873665815,0.1954625938385875,0.20518173654818814,0.6670453111195255,0.485
16,24,240,2.0,39613,2022-04-18 00:00:00,0.7684383526735983,0.7433145595141963,0.19551755035951252,0.20517817121938928,0.6679288148428626,0.495
16,18,500,2.0,39613,2022-04-18 00:00:00,0.7679982043548235,0.7433076762762192,0.1957145028404784,0.20523305177028459,0.6729774075476461,0.56
20,14,240,1.5,39613,2022-04-18 00:00:00,0.7687182540555518,0.7432951844739645,0.19544122668247593,0.2051804631947139,0.6695696074719172,0.515
16,18,500,2.2,39613,2022-04-18 00:00:00,0.7678648079710859,0.7432793147864061,0.1957700218801221,0.20526581773514171,0.6725987630947873,0.56
16,14,240,1.8,39613,2022-04-18 00:00:00,0.7685738402219062,0.743272304081059,0.19548233069411658,0.20519867197373654,0.6672977407547646,0.485
20,16,240,1.5,39613,2022-04-18 00:00:00,0.7686966573045029,0.7432667592504663,0.19544947370114624,0.2051883588033108,0.6695696074719172,0.495
16,18,500,1.8,39613,2022-04-18 00:00:00,0.7681209816057142,0.743264974707287,0.1956625125733018,0.20522936377738576,0.6712104001009719,0.555
16,20,500,2.0,39613,2022-04-18 00:00:00,0.7678855523236242,0.7432617242893534,0.19575516157673403,0.2052534249963896,0.6729774075476461,0.56
16,24,365,1.8,39613,2022-04-18 00:00:00,0.7681929415659591,0.7432586013387897,0.19561018135354316,0.2052044430715143,0.6717152593714502,0.545
20,18,240,1.5,39613,2022-04-18 00:00:00,0.7686757217597755,0.74324604580285,0.19545747780950562,0.20520210824446833,0.6690647482014388,0.495
16,16,240,1.8,39613,2022-04-18 00:00:00,0.7685177691292258,0.7432308134521414,0.19550126135862012,0.20521526435974688,0.6679288148428626,0.49
20,20,240,1.5,39613,2022-04-18 00:00:00,0.7686495523288661,0.743209972537155,0.19546624478265878,0.20521366765518015,0.6702006815600151,0.52
16,20,500,1.8,39613,2022-04-18 00:00:00,0.7680137347370329,0.7431953775232962,0.19569776733538372,0.20525511883608769,0.6722201186419285,0.56
16,18,240,1.8,39613,2022-04-18 00:00:00,0.7684634944464903,0.7431916172358829,0.19551945343599847,0.20523114414179477,0.6679288148428626,0.49
16,12,500,1.5,39613,2022-04-18 00:00:00,0.7684561574462261,0.7431848614652757,0.19553214539233923,0.20524127862389369,0.6715890445538306,0.55
16,20,500,2.2,39613,2022-04-18 00:00:00,0.7677526060381656,0.7431709037882664,0.19581018547503012,0.2052967346103831,0.6662880222138079,0.495
20,24,240,1.5,39613,2022-04-18 00:00:00,0.7685906691177347,0.7431473223248264,0.19548481538252882,0.20523743857879645,0.6699482519247759,0.52
16,20,240,1.8,39613,2022-04-18 00:00:00,0.7684111476183303,0.7431436257710979,0.19553738260656986,0.20524484291295844,0.6678026000252429,0.49
16,14,500,1.5,39613,2022-04-18 00:00:00,0.7683665560233485,0.7430942958989286,0.19556497566671177,0.20527598367757027,0.6712104001009719,0.55
16,24,500,2.0,39613,2022-04-18 00:00:00,0.7676892756170477,0.7430932761599689,0.19582034001162985,0.2053091301538854,0.6694433926542976,0.54
16,24,240,1.8,39613,2022-04-18 00:00:00,0.7683180529548272,0.743074219788162,0.1955704076063826,0.20526964654088353,0.667171525937145,0.49
16,24,500,1.8,39613,2022-04-18 00:00:00,0.767835926000991,0.743069630962844,0.19576059816058614,0.20529735019693846,0.6713366149185914,0.56
16,12,365,1.5,39613,2022-04-18 00:00:00,0.7684506248222486,0.7430396123972214,0.1955344664215471,0.20527847377149996,0.6672977407547646,0.5
16,24,500,2.2,39613,2022-04-18 00:00:00,0.7675555207479553,0.743021703231744,0.1958780495435413,0.20534789532196823,0.6685598889309605,0.54
16,16,500,1.5,39613,2022-04-18 00:00:00,0.7682794639979551,0.7430127167821627,0.1955971994564368,0.20530610797079207,0.6665404518490471,0.49
16,14,365,1.5,39613,2022-04-18 00:00:00,0.7683870335034558,0.742990601193477,0.19555793674126593,0.20529910181098537,0.6709579704657327,0.545
16,18,500,1.5,39613,2022-04-18 00:00:00,0.7681953673168608,0.742945095342406,0.1956285818573657,0.20533202491552757,0.6700744667423956,0.525
16,16,365,1.5,39613,2022-04-18 00:00:00,0.7683265251587154,0.7429375110338943,0.1955810213472966,0.2053181622339725,0.6704531111952543,0.545
16,18,365,1.5,39613,2022-04-18 00:00:00,0.7682614321846024,0.7428859504827507,0.195603909031498,0.2053395216124588,0.6669190963019058,0.495
16,20,500,1.5,39613,2022-04-18 00:00:00,0.7681095379565509,0.7428809155216379,0.19565867000568687,0.20535432424262726,0.6704531111952543,0.525
16,20,365,1.5,39613,2022-04-18 00:00:00,0.7682001033067164,0.7428563780529231,0.19562654777535382,0.20534105087355672,0.667171525937145,0.495
16,24,500,1.5,39613,2022-04-18 00:00:00,0.7679576676275229,0.7427606500580932,0.19571212502136573,0.20539118375297558,0.66565694812571,0.505
16,24,365,1.5,39613,2022-04-18 00:00:00,0.7680723152271981,0.7427604588570385,0.19566664090240077,0.20538672112009046,0.6695696074719172,0.535
16,12,240,1.5,39613,2022-04-18 00:00:00,0.7681039177028198,0.7427292930850865,0.1956775571861902,0.20539485559815546,0.6684336741133409,0.5
16,14,240,1.5,39613,2022-04-18 00:00:00,0.7680691645392452,0.7426813016203015,0.19568905449862098,0.20542260970263063,0.6699482519247759,0.495
16,16,240,1.5,39613,2022-04-18 00:00:00,0.7680251783861962,0.7426410856650834,0.19570298716758314,0.20543638559088578,0.6694433926542976,0.495
16,18,240,1.5,39613,2022-04-18 00:00:00,0.7679772369447312,0.7426138713815997,0.19571983926303535,0.20545475221419912,0.6688123185661997,0.495
16,20,240,1.5,39613,2022-04-18 00:00:00,0.7679444674001206,0.7425899712497346,0.19573041991437967,0.20546330552442862,0.6691909630190584,0.5
16,24,240,1.5,39613,2022-04-18 00:00:00,0.7678677435678258,0.742506033986625,0.19575651030125535,0.20548754059258645,0.6694433926542976,0.5
